time,year,month,ag_year,sm_c4grass
1/10/83,1983,1,1983,85.41
1/20/83,1983,1,1983,85.45
1/31/83,1983,1,1983,92.27
2/10/83,1983,2,1983,93.13
2/20/83,1983,2,1983,95.74
2/28/83,1983,2,1983,88.86
3/10/83,1983,3,1983,84.81
3/20/83,1983,3,1983,89.23
3/31/83,1983,3,1983,85.43
4/10/83,1983,4,1983,76.37
4/20/83,1983,4,1983,72.09
4/30/83,1983,4,1983,58.66
5/10/83,1983,5,1983,47.41
5/20/83,1983,5,1983,38.13
5/31/83,1983,5,1983,31.5
6/10/83,1983,6,1983,26.74
6/20/83,1983,6,1983,23.21
6/30/83,1983,6,1983,20.29
7/10/83,1983,7,1983,17.83
7/20/83,1983,7,1983,15.75
7/31/83,1983,7,1983,13.86
8/10/83,1983,8,1983,12.26
8/20/83,1983,8,1983,10.94
8/31/83,1983,8,1983,9.73
9/10/83,1983,9,1984,8.65
9/20/83,1983,9,1984,7.86
9/30/83,1983,9,1984,7.25
10/10/83,1983,10,1984,7.58
10/20/83,1983,10,1984,9.35
10/31/83,1983,10,1984,13.97
11/10/83,1983,11,1984,11
11/20/83,1983,11,1984,15.37
11/30/83,1983,11,1984,30.12
12/10/83,1983,12,1984,40.55
12/20/83,1983,12,1984,54.4
12/31/83,1983,12,1984,68.39
1/10/84,1984,1,1984,75.3
1/20/84,1984,1,1984,78.33
1/31/84,1984,1,1984,70.38
2/10/84,1984,2,1984,82.87
2/20/84,1984,2,1984,84.42
2/29/84,1984,2,1984,88.48
3/10/84,1984,3,1984,86.54
3/20/84,1984,3,1984,83.42
3/31/84,1984,3,1984,86.46
4/10/84,1984,4,1984,85.67
4/20/84,1984,4,1984,73.37
4/30/84,1984,4,1984,55.53
5/10/84,1984,5,1984,42.56
5/20/84,1984,5,1984,34.45
5/31/84,1984,5,1984,28.66
6/10/84,1984,6,1984,24.4
6/20/84,1984,6,1984,21.09
6/30/84,1984,6,1984,18.35
7/10/84,1984,7,1984,16.01
7/20/84,1984,7,1984,14.03
7/31/84,1984,7,1984,12.24
8/10/84,1984,8,1984,10.69
8/20/84,1984,8,1984,9.41
8/31/84,1984,8,1984,8.28
9/10/84,1984,9,1985,7.4
9/20/84,1984,9,1985,6.73
9/30/84,1984,9,1985,6.07
10/10/84,1984,10,1985,7.15
10/20/84,1984,10,1985,8.32
10/31/84,1984,10,1985,7.03
11/10/84,1984,11,1985,15.76
11/20/84,1984,11,1985,34.75
11/30/84,1984,11,1985,39.16
12/10/84,1984,12,1985,51.95
12/20/84,1984,12,1985,71.42
12/31/84,1984,12,1985,81.77
1/10/85,1985,1,1985,77.94
1/20/85,1985,1,1985,86.21
1/31/85,1985,1,1985,91.5
2/10/85,1985,2,1985,95.51
2/20/85,1985,2,1985,96.22
2/28/85,1985,2,1985,90.5
3/10/85,1985,3,1985,89.85
3/20/85,1985,3,1985,90.38
3/31/85,1985,3,1985,92.03
4/10/85,1985,4,1985,88.69
4/20/85,1985,4,1985,85.63
4/30/85,1985,4,1985,68.3
5/10/85,1985,5,1985,53.32
5/20/85,1985,5,1985,43.6
5/31/85,1985,5,1985,36.74
6/10/85,1985,6,1985,31.52
6/20/85,1985,6,1985,27.42
6/30/85,1985,6,1985,24
7/10/85,1985,7,1985,21.12
7/20/85,1985,7,1985,18.64
7/31/85,1985,7,1985,16.39
8/10/85,1985,8,1985,14.39
8/20/85,1985,8,1985,12.72
8/31/85,1985,8,1985,11.21
9/10/85,1985,9,1986,9.96
9/20/85,1985,9,1986,9.2
9/30/85,1985,9,1986,8.37
10/10/85,1985,10,1986,7.64
10/20/85,1985,10,1986,7.23
10/31/85,1985,10,1986,8.15
11/10/85,1985,11,1986,18.98
11/20/85,1985,11,1986,22.12
11/30/85,1985,11,1986,22.32
12/10/85,1985,12,1986,42.55
12/20/85,1985,12,1986,63.8
12/31/85,1985,12,1986,80.06
1/10/86,1986,1,1986,88.89
1/20/86,1986,1,1986,90.54
1/31/86,1986,1,1986,89.71
2/10/86,1986,2,1986,94.11
2/20/86,1986,2,1986,95.12
2/28/86,1986,2,1986,94.21
3/10/86,1986,3,1986,91.9
3/20/86,1986,3,1986,92.2
3/31/86,1986,3,1986,93
4/10/86,1986,4,1986,87.38
4/20/86,1986,4,1986,82.26
4/30/86,1986,4,1986,88.11
5/10/86,1986,5,1986,72.83
5/20/86,1986,5,1986,56.11
5/31/86,1986,5,1986,44.71
6/10/86,1986,6,1986,37.45
6/20/86,1986,6,1986,32.53
6/30/86,1986,6,1986,28.43
7/10/86,1986,7,1986,24.95
7/20/86,1986,7,1986,21.9
7/31/86,1986,7,1986,19.1
8/10/86,1986,8,1986,16.72
8/20/86,1986,8,1986,14.68
8/31/86,1986,8,1986,12.85
9/10/86,1986,9,1987,11.34
9/20/86,1986,9,1987,10.13
9/30/86,1986,9,1987,9.35
10/10/86,1986,10,1987,9.7
10/20/86,1986,10,1987,17.01
10/31/86,1986,10,1987,24.7
11/10/86,1986,11,1987,47.31
11/20/86,1986,11,1987,39.35
11/30/86,1986,11,1987,39.91
12/10/86,1986,12,1987,67.76
12/20/86,1986,12,1987,74.23
12/31/86,1986,12,1987,65.71
1/10/87,1987,1,1987,75.02
1/20/87,1987,1,1987,79.89
1/31/87,1987,1,1987,89.92
2/10/87,1987,2,1987,89.68
2/20/87,1987,2,1987,92.18
2/28/87,1987,2,1987,89.53
3/10/87,1987,3,1987,87.59
3/20/87,1987,3,1987,85.94
3/31/87,1987,3,1987,83.68
4/10/87,1987,4,1987,77.03
4/20/87,1987,4,1987,65.36
4/30/87,1987,4,1987,52
5/10/87,1987,5,1987,41.8
5/20/87,1987,5,1987,34.61
5/31/87,1987,5,1987,29.34
6/10/87,1987,6,1987,25.64
6/20/87,1987,6,1987,22.42
6/30/87,1987,6,1987,19.84
7/10/87,1987,7,1987,17.55
7/20/87,1987,7,1987,15.54
7/31/87,1987,7,1987,13.69
8/10/87,1987,8,1987,12.06
8/20/87,1987,8,1987,10.73
8/31/87,1987,8,1987,9.52
9/10/87,1987,9,1988,8.52
9/20/87,1987,9,1988,7.7
9/30/87,1987,9,1988,7.98
10/10/87,1987,10,1988,8.15
10/20/87,1987,10,1988,10.64
10/31/87,1987,10,1988,9.16
11/10/87,1987,11,1988,9.5
11/20/87,1987,11,1988,9.71
11/30/87,1987,11,1988,15.57
12/10/87,1987,12,1988,38.14
12/20/87,1987,12,1988,55.33
12/31/87,1987,12,1988,53.92
1/10/88,1988,1,1988,59.3
1/20/88,1988,1,1988,70.18
1/31/88,1988,1,1988,80.53
2/10/88,1988,2,1988,80.28
2/20/88,1988,2,1988,87.91
2/29/88,1988,2,1988,93.89
3/10/88,1988,3,1988,94.7
3/20/88,1988,3,1988,96.07
3/31/88,1988,3,1988,92.41
4/10/88,1988,4,1988,81.92
4/20/88,1988,4,1988,72.28
4/30/88,1988,4,1988,65.87
5/10/88,1988,5,1988,52.32
5/20/88,1988,5,1988,41.32
5/31/88,1988,5,1988,33.71
6/10/88,1988,6,1988,28.51
6/20/88,1988,6,1988,24.7
6/30/88,1988,6,1988,21.55
7/10/88,1988,7,1988,18.89
7/20/88,1988,7,1988,16.64
7/31/88,1988,7,1988,14.61
8/10/88,1988,8,1988,12.85
8/20/88,1988,8,1988,11.37
8/31/88,1988,8,1988,10.07
9/10/88,1988,9,1989,9.01
9/20/88,1988,9,1989,8.24
9/30/88,1988,9,1989,7.46
10/10/88,1988,10,1989,6.89
10/20/88,1988,10,1989,9.34
10/31/88,1988,10,1989,13.89
11/10/88,1988,11,1989,20.82
11/20/88,1988,11,1989,24.66
11/30/88,1988,11,1989,21.88
12/10/88,1988,12,1989,37.92
12/20/88,1988,12,1989,39.49
12/31/88,1988,12,1989,54.43
1/10/89,1989,1,1989,74.27
1/20/89,1989,1,1989,86.25
1/31/89,1989,1,1989,89.03
2/10/89,1989,2,1989,93.93
2/20/89,1989,2,1989,96.38
2/28/89,1989,2,1989,98.41
3/10/89,1989,3,1989,98.8
3/20/89,1989,3,1989,98.08
3/31/89,1989,3,1989,96.74
4/10/89,1989,4,1989,96.11
4/20/89,1989,4,1989,86.37
4/30/89,1989,4,1989,78.12
5/10/89,1989,5,1989,65.14
5/20/89,1989,5,1989,52.25
5/31/89,1989,5,1989,43.13
6/10/89,1989,6,1989,36.75
6/20/89,1989,6,1989,32.28
6/30/89,1989,6,1989,28.46
7/10/89,1989,7,1989,25.01
7/20/89,1989,7,1989,22.11
7/31/89,1989,7,1989,19.55
8/10/89,1989,8,1989,17.2
8/20/89,1989,8,1989,15.29
8/31/89,1989,8,1989,13.52
9/10/89,1989,9,1990,12.13
9/20/89,1989,9,1990,10.92
9/30/89,1989,9,1990,10.02
10/10/89,1989,10,1990,10.38
10/20/89,1989,10,1990,10.88
10/31/89,1989,10,1990,11.36
11/10/89,1989,11,1990,13.64
11/20/89,1989,11,1990,23.41
11/30/89,1989,11,1990,26.14
12/10/89,1989,12,1990,46.36
12/20/89,1989,12,1990,61.77
12/31/89,1989,12,1990,67.9
1/10/90,1990,1,1990,85.61
1/20/90,1990,1,1990,92.78
1/31/90,1990,1,1990,94.64
2/10/90,1990,2,1990,96.46
2/20/90,1990,2,1990,98.31
2/28/90,1990,2,1990,98.35
3/10/90,1990,3,1990,94.68
3/20/90,1990,3,1990,85.65
3/31/90,1990,3,1990,90.7
4/10/90,1990,4,1990,92.55
4/20/90,1990,4,1990,85.66
4/30/90,1990,4,1990,73.16
5/10/90,1990,5,1990,68.35
5/20/90,1990,5,1990,54.6
5/31/90,1990,5,1990,43.89
6/10/90,1990,6,1990,36.8
6/20/90,1990,6,1990,31.81
6/30/90,1990,6,1990,27.84
7/10/90,1990,7,1990,24.44
7/20/90,1990,7,1990,21.5
7/31/90,1990,7,1990,18.84
8/10/90,1990,8,1990,16.55
8/20/90,1990,8,1990,14.65
8/31/90,1990,8,1990,12.91
9/10/90,1990,9,1991,11.42
9/20/90,1990,9,1991,10.28
9/30/90,1990,9,1991,9.33
10/10/90,1990,10,1991,12.08
10/20/90,1990,10,1991,13.32
10/31/90,1990,10,1991,14.5
11/10/90,1990,11,1991,11.75
11/20/90,1990,11,1991,13.1
11/30/90,1990,11,1991,24.73
12/10/90,1990,12,1991,30.44
12/20/90,1990,12,1991,46.06
12/31/90,1990,12,1991,54.93
1/10/91,1991,1,1991,74.94
1/20/91,1991,1,1991,85.5
1/31/91,1991,1,1991,89.32
2/10/91,1991,2,1991,92.85
2/20/91,1991,2,1991,95.26
2/28/91,1991,2,1991,94.05
3/10/91,1991,3,1991,92.05
3/20/91,1991,3,1991,93.26
3/31/91,1991,3,1991,94.9
4/10/91,1991,4,1991,88.53
4/20/91,1991,4,1991,78.67
4/30/91,1991,4,1991,62.75
5/10/91,1991,5,1991,49.21
5/20/91,1991,5,1991,40.74
5/31/91,1991,5,1991,34.39
6/10/91,1991,6,1991,29.48
6/20/91,1991,6,1991,25.7
6/30/91,1991,6,1991,22.49
7/10/91,1991,7,1991,19.73
7/20/91,1991,7,1991,17.4
7/31/91,1991,7,1991,15.33
8/10/91,1991,8,1991,13.48
8/20/91,1991,8,1991,11.96
8/31/91,1991,8,1991,10.61
9/10/91,1991,9,1992,9.46
9/20/91,1991,9,1992,8.63
9/30/91,1991,9,1992,7.88
10/10/91,1991,10,1992,7.3
10/20/91,1991,10,1992,10.04
10/31/91,1991,10,1992,12.85
11/10/91,1991,11,1992,14.65
11/20/91,1991,11,1992,21.86
11/30/91,1991,11,1992,32.5
12/10/91,1991,12,1992,37.65
12/20/91,1991,12,1992,54.75
12/31/91,1991,12,1992,72.1
1/10/92,1992,1,1992,76.82
1/20/92,1992,1,1992,79.13
1/31/92,1992,1,1992,82.89
2/10/92,1992,2,1992,83.9
2/20/92,1992,2,1992,76.53
2/29/92,1992,2,1992,72.62
3/10/92,1992,3,1992,76.27
3/20/92,1992,3,1992,77.5
3/31/92,1992,3,1992,86.67
4/10/92,1992,4,1992,84.2
4/20/92,1992,4,1992,72.49
4/30/92,1992,4,1992,61.03
5/10/92,1992,5,1992,57.57
5/20/92,1992,5,1992,45.59
5/31/92,1992,5,1992,35.54
6/10/92,1992,6,1992,29.17
6/20/92,1992,6,1992,24.78
6/30/92,1992,6,1992,21.32
7/10/92,1992,7,1992,18.49
7/20/92,1992,7,1992,16.06
7/31/92,1992,7,1992,13.9
8/10/92,1992,8,1992,12.06
8/20/92,1992,8,1992,10.54
8/31/92,1992,8,1992,9.19
9/10/92,1992,9,1993,8.07
9/20/92,1992,9,1993,7.17
9/30/92,1992,9,1993,6.44
10/10/92,1992,10,1993,5.82
10/20/92,1992,10,1993,6.64
10/31/92,1992,10,1993,12.36
11/10/92,1992,11,1993,17.11
11/20/92,1992,11,1993,24.11
11/30/92,1992,11,1993,35.78
12/10/92,1992,12,1993,30.37
12/20/92,1992,12,1993,55.4
12/31/92,1992,12,1993,76.55
1/10/93,1993,1,1993,84.57
1/20/93,1993,1,1993,89.57
1/31/93,1993,1,1993,89.35
2/10/93,1993,2,1993,93.7
2/20/93,1993,2,1993,96.02
2/28/93,1993,2,1993,98.07
3/10/93,1993,3,1993,98.95
3/20/93,1993,3,1993,98.37
3/31/93,1993,3,1993,96.28
4/10/93,1993,4,1993,94.22
4/20/93,1993,4,1993,94.32
4/30/93,1993,4,1993,86.56
5/10/93,1993,5,1993,71.95
5/20/93,1993,5,1993,56.73
5/31/93,1993,5,1993,46.19
6/10/93,1993,6,1993,39.22
6/20/93,1993,6,1993,34.24
6/30/93,1993,6,1993,30.05
7/10/93,1993,7,1993,26.54
7/20/93,1993,7,1993,23.37
7/31/93,1993,7,1993,20.48
8/10/93,1993,8,1993,18
8/20/93,1993,8,1993,15.91
8/31/93,1993,8,1993,14.02
9/10/93,1993,9,1994,12.42
9/20/93,1993,9,1994,11.09
9/30/93,1993,9,1994,10.3
10/10/93,1993,10,1994,10.59
10/20/93,1993,10,1994,9.33
10/31/93,1993,10,1994,8.63
11/10/93,1993,11,1994,16.32
11/20/93,1993,11,1994,31.84
11/30/93,1993,11,1994,34.12
12/10/93,1993,12,1994,40.38
12/20/93,1993,12,1994,45.2
12/31/93,1993,12,1994,59.02
1/10/94,1994,1,1994,67.52
1/20/94,1994,1,1994,79.19
1/31/94,1994,1,1994,88.31
2/10/94,1994,2,1994,92.27
2/20/94,1994,2,1994,93.77
2/28/94,1994,2,1994,93.29
3/10/94,1994,3,1994,86.73
3/20/94,1994,3,1994,80.22
3/31/94,1994,3,1994,70.19
4/10/94,1994,4,1994,61.86
4/20/94,1994,4,1994,51.52
4/30/94,1994,4,1994,49.05
5/10/94,1994,5,1994,38.75
5/20/94,1994,5,1994,31.28
5/31/94,1994,5,1994,26.06
6/10/94,1994,6,1994,22.26
6/20/94,1994,6,1994,19.45
6/30/94,1994,6,1994,17.06
7/10/94,1994,7,1994,15.11
7/20/94,1994,7,1994,13.38
7/31/94,1994,7,1994,11.81
8/10/94,1994,8,1994,10.45
8/20/94,1994,8,1994,9.34
8/31/94,1994,8,1994,8.34
9/10/94,1994,9,1995,7.43
9/20/94,1994,9,1995,6.72
9/30/94,1994,9,1995,6.3
10/10/94,1994,10,1995,6.86
10/20/94,1994,10,1995,6.85
10/31/94,1994,10,1995,9.03
11/10/94,1994,11,1995,10.06
11/20/94,1994,11,1995,10.65
11/30/94,1994,11,1995,17.14
12/10/94,1994,12,1995,38
12/20/94,1994,12,1995,43.83
12/31/94,1994,12,1995,54.09
1/10/95,1995,1,1995,68.55
1/20/95,1995,1,1995,77.93
1/31/95,1995,1,1995,82.44
2/10/95,1995,2,1995,85.76
2/20/95,1995,2,1995,90.03
2/28/95,1995,2,1995,93.15
3/10/95,1995,3,1995,90.25
3/20/95,1995,3,1995,80.75
3/31/95,1995,3,1995,81.83
4/10/95,1995,4,1995,77.26
4/20/95,1995,4,1995,63.15
4/30/95,1995,4,1995,51.3
5/10/95,1995,5,1995,42.41
5/20/95,1995,5,1995,34.05
5/31/95,1995,5,1995,28.25
6/10/95,1995,6,1995,24.17
6/20/95,1995,6,1995,21
6/30/95,1995,6,1995,18.3
7/10/95,1995,7,1995,16.03
7/20/95,1995,7,1995,14.1
7/31/95,1995,7,1995,12.34
8/10/95,1995,8,1995,10.85
8/20/95,1995,8,1995,9.59
8/31/95,1995,8,1995,8.47
9/10/95,1995,9,1996,7.53
9/20/95,1995,9,1996,6.79
9/30/95,1995,9,1996,6.16
10/10/95,1995,10,1996,5.7
10/20/95,1995,10,1996,5.62
10/31/95,1995,10,1996,10.07
11/10/95,1995,11,1996,8.68
11/20/95,1995,11,1996,11.31
11/30/95,1995,11,1996,26.17
12/10/95,1995,12,1996,38.2
12/20/95,1995,12,1996,53.55
12/31/95,1995,12,1996,69.12
1/10/96,1996,1,1996,75.95
1/20/96,1996,1,1996,83.63
1/31/96,1996,1,1996,90.37
2/10/96,1996,2,1996,91.95
2/20/96,1996,2,1996,95.16
2/29/96,1996,2,1996,96.68
3/10/96,1996,3,1996,97.3
3/20/96,1996,3,1996,95.54
3/31/96,1996,3,1996,89.06
4/10/96,1996,4,1996,79.76
4/20/96,1996,4,1996,67.88
4/30/96,1996,4,1996,55.1
5/10/96,1996,5,1996,45.17
5/20/96,1996,5,1996,37.97
5/31/96,1996,5,1996,32.92
6/10/96,1996,6,1996,28.66
6/20/96,1996,6,1996,25.2
6/30/96,1996,6,1996,22.26
7/10/96,1996,7,1996,19.8
7/20/96,1996,7,1996,17.59
7/31/96,1996,7,1996,15.6
8/10/96,1996,8,1996,13.84
8/20/96,1996,8,1996,12.33
8/31/96,1996,8,1996,11
9/10/96,1996,9,1997,9.88
9/20/96,1996,9,1997,9.09
9/30/96,1996,9,1997,8.28
10/10/96,1996,10,1997,7.7
10/20/96,1996,10,1997,7.35
10/31/96,1996,10,1997,7.08
11/10/96,1996,11,1997,10.93
11/20/96,1996,11,1997,17.74
11/30/96,1996,11,1997,28.79
12/10/96,1996,12,1997,36.61
12/20/96,1996,12,1997,51.72
12/31/96,1996,12,1997,70.27
1/10/97,1997,1,1997,81.6
1/20/97,1997,1,1997,90.42
1/31/97,1997,1,1997,93.84
2/10/97,1997,2,1997,95.5
2/20/97,1997,2,1997,97.48
2/28/97,1997,2,1997,97.95
3/10/97,1997,3,1997,97.98
3/20/97,1997,3,1997,96.65
3/31/97,1997,3,1997,96.55
4/10/97,1997,4,1997,98
4/20/97,1997,4,1997,92.03
4/30/97,1997,4,1997,76.75
5/10/97,1997,5,1997,61.44
5/20/97,1997,5,1997,49.77
5/31/97,1997,5,1997,41.59
6/10/97,1997,6,1997,35.64
6/20/97,1997,6,1997,30.99
6/30/97,1997,6,1997,27.06
7/10/97,1997,7,1997,23.83
7/20/97,1997,7,1997,21.17
7/31/97,1997,7,1997,18.57
8/10/97,1997,8,1997,16.3
8/20/97,1997,8,1997,14.48
8/31/97,1997,8,1997,12.8
9/10/97,1997,9,1998,11.42
9/20/97,1997,9,1998,10.33
9/30/97,1997,9,1998,9.47
10/10/97,1997,10,1998,9.07
10/20/97,1997,10,1998,12.31
10/31/97,1997,10,1998,10.7
11/10/97,1997,11,1998,12.99
11/20/97,1997,11,1998,27.17
11/30/97,1997,11,1998,48.69
12/10/97,1997,12,1998,60.66
12/20/97,1997,12,1998,65.54
12/31/97,1997,12,1998,76.19
1/10/98,1998,1,1998,87.02
1/20/98,1998,1,1998,92.63
1/31/98,1998,1,1998,95.63
2/10/98,1998,2,1998,96.75
2/20/98,1998,2,1998,94.19
2/28/98,1998,2,1998,95.82
3/10/98,1998,3,1998,95.42
3/20/98,1998,3,1998,95.45
3/31/98,1998,3,1998,93.08
4/10/98,1998,4,1998,86.27
4/20/98,1998,4,1998,78.04
4/30/98,1998,4,1998,64.19
5/10/98,1998,5,1998,51.04
5/20/98,1998,5,1998,42.41
5/31/98,1998,5,1998,35.88
6/10/98,1998,6,1998,31
6/20/98,1998,6,1998,27.23
6/30/98,1998,6,1998,24
7/10/98,1998,7,1998,21.24
7/20/98,1998,7,1998,18.81
7/31/98,1998,7,1998,16.61
8/10/98,1998,8,1998,14.7
8/20/98,1998,8,1998,13.11
8/31/98,1998,8,1998,11.71
9/10/98,1998,9,1999,10.44
9/20/98,1998,9,1999,9.41
9/30/98,1998,9,1999,8.75
10/10/98,1998,10,1999,8.85
10/20/98,1998,10,1999,9.2
10/31/98,1998,10,1999,8.71
11/10/98,1998,11,1999,9.89
11/20/98,1998,11,1999,16.31
11/30/98,1998,11,1999,26.95
12/10/98,1998,12,1999,46.67
12/20/98,1998,12,1999,60.51
12/31/98,1998,12,1999,70.47
1/10/99,1999,1,1999,83.99
1/20/99,1999,1,1999,90.11
1/31/99,1999,1,1999,93.51
2/10/99,1999,2,1999,95.56
2/20/99,1999,2,1999,96.39
2/28/99,1999,2,1999,96.9
3/10/99,1999,3,1999,96.23
3/20/99,1999,3,1999,95.75
3/31/99,1999,3,1999,96.14
4/10/99,1999,4,1999,90.07
4/20/99,1999,4,1999,80.73
4/30/99,1999,4,1999,66.08
5/10/99,1999,5,1999,53.36
5/20/99,1999,5,1999,43.86
5/31/99,1999,5,1999,37.19
6/10/99,1999,6,1999,32.13
6/20/99,1999,6,1999,28.26
6/30/99,1999,6,1999,24.9
7/10/99,1999,7,1999,22.08
7/20/99,1999,7,1999,19.73
7/31/99,1999,7,1999,17.44
8/10/99,1999,8,1999,15.43
8/20/99,1999,8,1999,13.73
8/31/99,1999,8,1999,12.27
9/10/99,1999,9,2000,10.92
9/20/99,1999,9,2000,9.85
9/30/99,1999,9,2000,9.33
10/10/99,1999,10,2000,9.41
10/20/99,1999,10,2000,8.99
10/31/99,1999,10,2000,10.34
11/10/99,1999,11,2000,11.61
11/20/99,1999,11,2000,23.69
11/30/99,1999,11,2000,34.65
12/10/99,1999,12,2000,37.31
12/20/99,1999,12,2000,55.9
12/31/99,1999,12,2000,54.47
1/10/00,2000,1,2000,70.39
1/20/00,2000,1,2000,85.51
1/31/00,2000,1,2000,89.54
2/10/00,2000,2,2000,91.69
2/20/00,2000,2,2000,94.31
2/29/00,2000,2,2000,96.01
3/10/00,2000,3,2000,97.27
3/20/00,2000,3,2000,98.38
3/31/00,2000,3,2000,98.35
4/10/00,2000,4,2000,95.61
4/20/00,2000,4,2000,86.41
4/30/00,2000,4,2000,70.76
5/10/00,2000,5,2000,55.28
5/20/00,2000,5,2000,46.19
5/31/00,2000,5,2000,38.9
6/10/00,2000,6,2000,33.49
6/20/00,2000,6,2000,29.46
6/30/00,2000,6,2000,25.88
7/10/00,2000,7,2000,22.9
7/20/00,2000,7,2000,20.31
7/31/00,2000,7,2000,17.85
8/10/00,2000,8,2000,15.74
8/20/00,2000,8,2000,13.97
8/31/00,2000,8,2000,12.37
9/10/00,2000,9,2001,11.02
9/20/00,2000,9,2001,9.99
9/30/00,2000,9,2001,9.05
10/10/00,2000,10,2001,8.46
10/20/00,2000,10,2001,8.05
10/31/00,2000,10,2001,8.48
11/10/00,2000,11,2001,27.14
11/20/00,2000,11,2001,38.7
11/30/00,2000,11,2001,43.97
12/10/00,2000,12,2001,65.42
12/20/00,2000,12,2001,76.81
12/31/00,2000,12,2001,86.78
1/10/01,2001,1,2001,90.13
1/20/01,2001,1,2001,89.72
1/31/01,2001,1,2001,90.37
2/10/01,2001,2,2001,94.49
2/20/01,2001,2,2001,97.61
2/28/01,2001,2,2001,98.74
3/10/01,2001,3,2001,99.24
3/20/01,2001,3,2001,99.41
3/31/01,2001,3,2001,99.37
4/10/01,2001,4,2001,97.6
4/20/01,2001,4,2001,89.16
4/30/01,2001,4,2001,74.48
5/10/01,2001,5,2001,60.48
5/20/01,2001,5,2001,49.71
5/31/01,2001,5,2001,42.51
6/10/01,2001,6,2001,36.77
6/20/01,2001,6,2001,32.4
6/30/01,2001,6,2001,28.63
7/10/01,2001,7,2001,25.28
7/20/01,2001,7,2001,22.43
7/31/01,2001,7,2001,19.79
8/10/01,2001,8,2001,17.49
8/20/01,2001,8,2001,15.61
8/31/01,2001,8,2001,13.93
9/10/01,2001,9,2002,12.45
9/20/01,2001,9,2002,11.41
9/30/01,2001,9,2002,10.61
10/10/01,2001,10,2002,9.7
10/20/01,2001,10,2002,9.41
10/31/01,2001,10,2002,15.38
11/10/01,2001,11,2002,33.67
11/20/01,2001,11,2002,40.19
11/30/01,2001,11,2002,45.12
12/10/01,2001,12,2002,51.39
12/20/01,2001,12,2002,57.53
12/31/01,2001,12,2002,66.05
1/10/02,2002,1,2002,70.82
1/20/02,2002,1,2002,82.15
1/31/02,2002,1,2002,87.8
2/10/02,2002,2,2002,90.21
2/20/02,2002,2,2002,91.23
2/28/02,2002,2,2002,87.99
3/10/02,2002,3,2002,85.47
3/20/02,2002,3,2002,84
3/31/02,2002,3,2002,83.68
4/10/02,2002,4,2002,72.9
4/20/02,2002,4,2002,77.73
4/30/02,2002,4,2002,65.87
5/10/02,2002,5,2002,50.53
5/20/02,2002,5,2002,40.2
5/31/02,2002,5,2002,33.13
6/10/02,2002,6,2002,28.16
6/20/02,2002,6,2002,24.38
6/30/02,2002,6,2002,21.26
7/10/02,2002,7,2002,18.61
7/20/02,2002,7,2002,16.39
7/31/02,2002,7,2002,14.4
8/10/02,2002,8,2002,12.59
8/20/02,2002,8,2002,11.13
8/31/02,2002,8,2002,9.83
9/10/02,2002,9,2003,8.78
9/20/02,2002,9,2003,7.92
9/30/02,2002,9,2003,7.28
10/10/02,2002,10,2003,10.94
10/20/02,2002,10,2003,9.57
10/31/02,2002,10,2003,11.63
11/10/02,2002,11,2003,28.65
11/20/02,2002,11,2003,28.68
11/30/02,2002,11,2003,29.93
12/10/02,2002,12,2003,32.46
12/20/02,2002,12,2003,57.01
12/31/02,2002,12,2003,71.08
1/10/03,2003,1,2003,77.15
1/20/03,2003,1,2003,80.28
1/31/03,2003,1,2003,85.44
2/10/03,2003,2,2003,89.9
2/20/03,2003,2,2003,92.14
2/28/03,2003,2,2003,95.12
3/10/03,2003,3,2003,95.46
3/20/03,2003,3,2003,93.9
3/31/03,2003,3,2003,92.4
4/10/03,2003,4,2003,93.68
4/20/03,2003,4,2003,84.07
4/30/03,2003,4,2003,68.71
5/10/03,2003,5,2003,55.02
5/20/03,2003,5,2003,44.6
5/31/03,2003,5,2003,37.38
6/10/03,2003,6,2003,32.19
6/20/03,2003,6,2003,28.14
6/30/03,2003,6,2003,24.81
7/10/03,2003,7,2003,22.09
7/20/03,2003,7,2003,19.58
7/31/03,2003,7,2003,17.23
8/10/03,2003,8,2003,15.11
8/20/03,2003,8,2003,13.41
8/31/03,2003,8,2003,11.89
9/10/03,2003,9,2004,10.59
9/20/03,2003,9,2004,9.69
9/30/03,2003,9,2004,8.8
10/10/03,2003,10,2004,8.05
10/20/03,2003,10,2004,8.74
10/31/03,2003,10,2004,13.5
11/10/03,2003,11,2004,14.77
11/20/03,2003,11,2004,18.23
11/30/03,2003,11,2004,28.25
12/10/03,2003,12,2004,40.42
12/20/03,2003,12,2004,55.8
12/31/03,2003,12,2004,68.36
1/10/04,2004,1,2004,76.59
1/20/04,2004,1,2004,81.99
1/31/04,2004,1,2004,91
2/10/04,2004,2,2004,88.76
2/20/04,2004,2,2004,89.86
2/29/04,2004,2,2004,95.87
3/10/04,2004,3,2004,97.73
3/20/04,2004,3,2004,98.09
3/31/04,2004,3,2004,96.3
4/10/04,2004,4,2004,93.89
4/20/04,2004,4,2004,86.53
4/30/04,2004,4,2004,77.03
5/10/04,2004,5,2004,60.19
5/20/04,2004,5,2004,48.02
5/31/04,2004,5,2004,40.12
6/10/04,2004,6,2004,34.6
6/20/04,2004,6,2004,30.2
6/30/04,2004,6,2004,26.46
7/10/04,2004,7,2004,23.23
7/20/04,2004,7,2004,20.53
7/31/04,2004,7,2004,18.09
8/10/04,2004,8,2004,15.95
8/20/04,2004,8,2004,14.27
8/31/04,2004,8,2004,12.67
9/10/04,2004,9,2005,11.37
9/20/04,2004,9,2005,10.29
9/30/04,2004,9,2005,9.74
10/10/04,2004,10,2005,9.28
10/20/04,2004,10,2005,12.91
10/31/04,2004,10,2005,12
11/10/04,2004,11,2005,14.76
11/20/04,2004,11,2005,29.03
11/30/04,2004,11,2005,41.82
12/10/04,2004,12,2005,61.56
12/20/04,2004,12,2005,73.09
12/31/04,2004,12,2005,78.2
1/10/05,2005,1,2005,82.73
1/20/05,2005,1,2005,83.29
1/31/05,2005,1,2005,92.15
2/10/05,2005,2,2005,91.02
2/20/05,2005,2,2005,89.39
2/28/05,2005,2,2005,92.67
3/10/05,2005,3,2005,87.66
3/20/05,2005,3,2005,84.12
3/31/05,2005,3,2005,82.02
4/10/05,2005,4,2005,81.25
4/20/05,2005,4,2005,64.9
4/30/05,2005,4,2005,54.63
5/10/05,2005,5,2005,46.38
5/20/05,2005,5,2005,37.59
5/31/05,2005,5,2005,31.25
6/10/05,2005,6,2005,26.56
6/20/05,2005,6,2005,23.06
6/30/05,2005,6,2005,20.18
7/10/05,2005,7,2005,17.76
7/20/05,2005,7,2005,15.71
7/31/05,2005,7,2005,13.78
8/10/05,2005,8,2005,12.11
8/20/05,2005,8,2005,10.8
8/31/05,2005,8,2005,9.58
9/10/05,2005,9,2006,8.54
9/20/05,2005,9,2006,7.69
9/30/05,2005,9,2006,7.16
10/10/05,2005,10,2006,6.57
10/20/05,2005,10,2006,6.06
10/31/05,2005,10,2006,6.39
11/10/05,2005,11,2006,15.77
11/20/05,2005,11,2006,24.91
11/30/05,2005,11,2006,24.18
12/10/05,2005,12,2006,43.4
12/20/05,2005,12,2006,53.68
12/31/05,2005,12,2006,69.95
1/10/06,2006,1,2006,83.92
1/20/06,2006,1,2006,91.33
1/31/06,2006,1,2006,93.82
2/10/06,2006,2,2006,95.36
2/20/06,2006,2,2006,97.11
2/28/06,2006,2,2006,98.41
3/10/06,2006,3,2006,99.1
3/20/06,2006,3,2006,99.39
3/31/06,2006,3,2006,97.84
4/10/06,2006,4,2006,93.6
4/20/06,2006,4,2006,84.68
4/30/06,2006,4,2006,68.6
5/10/06,2006,5,2006,54.23
5/20/06,2006,5,2006,45.22
5/31/06,2006,5,2006,39.25
6/10/06,2006,6,2006,33.87
6/20/06,2006,6,2006,29.62
6/30/06,2006,6,2006,26.16
7/10/06,2006,7,2006,23.19
7/20/06,2006,7,2006,20.56
7/31/06,2006,7,2006,18.13
8/10/06,2006,8,2006,16.07
8/20/06,2006,8,2006,14.28
8/31/06,2006,8,2006,12.69
9/10/06,2006,9,2007,11.29
9/20/06,2006,9,2007,10.17
9/30/06,2006,9,2007,9.59
10/10/06,2006,10,2007,11.68
10/20/06,2006,10,2007,10.83
10/31/06,2006,10,2007,12.83
11/10/06,2006,11,2007,19.93
11/20/06,2006,11,2007,33.3
11/30/06,2006,11,2007,44.61
12/10/06,2006,12,2007,48.06
12/20/06,2006,12,2007,68.95
12/31/06,2006,12,2007,81.17
1/10/07,2007,1,2007,88.92
1/20/07,2007,1,2007,87.85
1/31/07,2007,1,2007,92.78
2/10/07,2007,2,2007,94.62
2/20/07,2007,2,2007,94.82
2/28/07,2007,2,2007,94.74
3/10/07,2007,3,2007,95.18
3/20/07,2007,3,2007,90.17
3/31/07,2007,3,2007,86.56
4/10/07,2007,4,2007,82.44
4/20/07,2007,4,2007,71.87
4/30/07,2007,4,2007,58.76
5/10/07,2007,5,2007,50.65
5/20/07,2007,5,2007,40.28
5/31/07,2007,5,2007,33.45
6/10/07,2007,6,2007,28.7
6/20/07,2007,6,2007,25.1
6/30/07,2007,6,2007,22.01
7/10/07,2007,7,2007,19.4
7/20/07,2007,7,2007,17.16
7/31/07,2007,7,2007,15.11
8/10/07,2007,8,2007,13.29
8/20/07,2007,8,2007,11.83
8/31/07,2007,8,2007,10.51
9/10/07,2007,9,2008,9.45
9/20/07,2007,9,2008,8.65
9/30/07,2007,9,2008,8.26
10/10/07,2007,10,2008,11.94
10/20/07,2007,10,2008,11.37
10/31/07,2007,10,2008,12.19
11/10/07,2007,11,2008,19.9
11/20/07,2007,11,2008,28.14
11/30/07,2007,11,2008,31.85
12/10/07,2007,12,2008,46.35
12/20/07,2007,12,2008,69.33
12/31/07,2007,12,2008,83.52
1/10/08,2008,1,2008,91.05
1/20/08,2008,1,2008,93
1/31/08,2008,1,2008,94.79
2/10/08,2008,2,2008,96.76
2/20/08,2008,2,2008,95.77
2/29/08,2008,2,2008,93.99
3/10/08,2008,3,2008,95.2
3/20/08,2008,3,2008,95.75
3/31/08,2008,3,2008,89.77
4/10/08,2008,4,2008,75.95
4/20/08,2008,4,2008,66.71
4/30/08,2008,4,2008,55.11
5/10/08,2008,5,2008,47.27
5/20/08,2008,5,2008,38.2
5/31/08,2008,5,2008,31.75
6/10/08,2008,6,2008,27.26
6/20/08,2008,6,2008,23.79
6/30/08,2008,6,2008,20.91
7/10/08,2008,7,2008,18.48
7/20/08,2008,7,2008,16.34
7/31/08,2008,7,2008,14.41
8/10/08,2008,8,2008,12.73
8/20/08,2008,8,2008,11.37
8/31/08,2008,8,2008,10.13
9/10/08,2008,9,2009,9.16
9/20/08,2008,9,2009,8.37
9/30/08,2008,9,2009,8
10/10/08,2008,10,2009,7.67
10/20/08,2008,10,2009,9.88
10/31/08,2008,10,2009,10.13
11/10/08,2008,11,2009,18.55
11/20/08,2008,11,2009,34.87
11/30/08,2008,11,2009,47.83
12/10/08,2008,12,2009,52.44
12/20/08,2008,12,2009,71.9
12/31/08,2008,12,2009,86.88
1/10/09,2009,1,2009,91.02
1/20/09,2009,1,2009,92.73
1/31/09,2009,1,2009,94.99
2/10/09,2009,2,2009,96.09
2/20/09,2009,2,2009,95.44
2/28/09,2009,2,2009,95.77
3/10/09,2009,3,2009,97.05
3/20/09,2009,3,2009,97.83
3/31/09,2009,3,2009,96.64
4/10/09,2009,4,2009,88.44
4/20/09,2009,4,2009,71.46
4/30/09,2009,4,2009,56.09
5/10/09,2009,5,2009,50.89
5/20/09,2009,5,2009,43.28
5/31/09,2009,5,2009,35.68
6/10/09,2009,6,2009,30.35
6/20/09,2009,6,2009,26.5
6/30/09,2009,6,2009,23.32
7/10/09,2009,7,2009,20.69
7/20/09,2009,7,2009,18.38
7/31/09,2009,7,2009,16.28
8/10/09,2009,8,2009,14.41
8/20/09,2009,8,2009,12.84
8/31/09,2009,8,2009,11.4
9/10/09,2009,9,2010,10.15
9/20/09,2009,9,2010,9.3
9/30/09,2009,9,2010,8.71
10/10/09,2009,10,2010,9.36
10/20/09,2009,10,2010,10.02
10/31/09,2009,10,2010,9.1
11/10/09,2009,11,2010,18.06
11/20/09,2009,11,2010,35.31
11/30/09,2009,11,2010,42.83
12/10/09,2009,12,2010,51.98
12/20/09,2009,12,2010,63.66
12/31/09,2009,12,2010,70.02
1/10/10,2010,1,2010,76.88
1/20/10,2010,1,2010,81.17
1/31/10,2010,1,2010,86.26
2/10/10,2010,2,2010,93.51
2/20/10,2010,2,2010,94.24
2/28/10,2010,2,2010,96.81
3/10/10,2010,3,2010,97.97
3/20/10,2010,3,2010,96.89
3/31/10,2010,3,2010,96.47
4/10/10,2010,4,2010,94.42
4/20/10,2010,4,2010,90.19
4/30/10,2010,4,2010,86.28
5/10/10,2010,5,2010,71.85
5/20/10,2010,5,2010,57.05
5/31/10,2010,5,2010,46.34
6/10/10,2010,6,2010,39.19
6/20/10,2010,6,2010,33.99
6/30/10,2010,6,2010,29.81
7/10/10,2010,7,2010,26.19
7/20/10,2010,7,2010,23.13
7/31/10,2010,7,2010,20.3
8/10/10,2010,8,2010,17.8
8/20/10,2010,8,2010,15.73
8/31/10,2010,8,2010,13.84
9/10/10,2010,9,2011,12.22
9/20/10,2010,9,2011,11.04
9/30/10,2010,9,2011,10.34
10/10/10,2010,10,2011,9.36
10/20/10,2010,10,2011,9.37
10/31/10,2010,10,2011,10.43
11/10/10,2010,11,2011,13.8
11/20/10,2010,11,2011,21.73
11/30/10,2010,11,2011,34.63
12/10/10,2010,12,2011,52.51
12/20/10,2010,12,2011,67.34
12/31/10,2010,12,2011,76.13
1/10/11,2011,1,2011,81.75
1/20/11,2011,1,2011,89.54
1/31/11,2011,1,2011,93.33
2/10/11,2011,2,2011,93.55
2/20/11,2011,2,2011,88.06
2/28/11,2011,2,2011,89.54
3/10/11,2011,3,2011,92.51
3/20/11,2011,3,2011,93.24
3/31/11,2011,3,2011,93.83
4/10/11,2011,4,2011,92.22
4/20/11,2011,4,2011,84.84
4/30/11,2011,4,2011,71.27
5/10/11,2011,5,2011,58.3
5/20/11,2011,5,2011,46.71
5/31/11,2011,5,2011,39.22
6/10/11,2011,6,2011,33.23
6/20/11,2011,6,2011,28.77
6/30/11,2011,6,2011,25.15
7/10/11,2011,7,2011,22.1
7/20/11,2011,7,2011,19.57
7/31/11,2011,7,2011,17.2
8/10/11,2011,8,2011,15.11
8/20/11,2011,8,2011,13.37
8/31/11,2011,8,2011,11.81
9/10/11,2011,9,2012,10.5
9/20/11,2011,9,2012,9.51
9/30/11,2011,9,2012,8.73
10/10/11,2011,10,2012,11.39
10/20/11,2011,10,2012,9.98
10/31/11,2011,10,2012,13.37
11/10/11,2011,11,2012,25.25
11/20/11,2011,11,2012,31.01
11/30/11,2011,11,2012,46.17
12/10/11,2011,12,2012,51.12
12/20/11,2011,12,2012,69.96
12/31/11,2011,12,2012,73.51
1/10/12,2012,1,2012,77.36
1/20/12,2012,1,2012,82.49
1/31/12,2012,1,2012,88.94
2/10/12,2012,2,2012,91.78
2/20/12,2012,2,2012,94.21
2/29/12,2012,2,2012,95.39
3/10/12,2012,3,2012,94.11
3/20/12,2012,3,2012,93.61
3/31/12,2012,3,2012,90.85
4/10/12,2012,4,2012,89.98
4/20/12,2012,4,2012,77.84
4/30/12,2012,4,2012,59.53
5/10/12,2012,5,2012,47.12
5/20/12,2012,5,2012,39.09
5/31/12,2012,5,2012,32.98
6/10/12,2012,6,2012,28.29
6/20/12,2012,6,2012,24.71
6/30/12,2012,6,2012,21.66
7/10/12,2012,7,2012,19.02
7/20/12,2012,7,2012,16.77
7/31/12,2012,7,2012,14.73
8/10/12,2012,8,2012,12.98
8/20/12,2012,8,2012,11.55
8/31/12,2012,8,2012,10.26
9/10/12,2012,9,2013,9.24
9/20/12,2012,9,2013,8.46
9/30/12,2012,9,2013,8.77
10/10/12,2012,10,2013,8.42
10/20/12,2012,10,2013,11.35
10/31/12,2012,10,2013,14.04
11/10/12,2012,11,2013,20.24
11/20/12,2012,11,2013,21.33
11/30/12,2012,11,2013,33.22
12/10/12,2012,12,2013,45.16
12/20/12,2012,12,2013,66.75
12/31/12,2012,12,2013,79.9
1/10/13,2013,1,2013,87.43
1/20/13,2013,1,2013,91.96
1/31/13,2013,1,2013,93.77
2/10/13,2013,2,2013,94.31
2/20/13,2013,2,2013,96.97
2/28/13,2013,2,2013,96.54
3/10/13,2013,3,2013,94.35
3/20/13,2013,3,2013,93.41
3/31/13,2013,3,2013,85.04
4/10/13,2013,4,2013,72.97
4/20/13,2013,4,2013,63.22
4/30/13,2013,4,2013,60.57
5/10/13,2013,5,2013,47.88
5/20/13,2013,5,2013,38.65
5/31/13,2013,5,2013,32.33
6/10/13,2013,6,2013,27.75
6/20/13,2013,6,2013,24.3
6/30/13,2013,6,2013,21.42
7/10/13,2013,7,2013,18.94
7/20/13,2013,7,2013,16.86
7/31/13,2013,7,2013,14.91
8/10/13,2013,8,2013,13.22
8/20/13,2013,8,2013,11.82
8/31/13,2013,8,2013,10.51
9/10/13,2013,9,2014,9.44
9/20/13,2013,9,2014,8.78
9/30/13,2013,9,2014,8.82
10/10/13,2013,10,2014,8
10/20/13,2013,10,2014,7.78
10/31/13,2013,10,2014,9.42
11/10/13,2013,11,2014,18.44
11/20/13,2013,11,2014,22.35
11/30/13,2013,11,2014,33.96
12/10/13,2013,12,2014,35.17
12/20/13,2013,12,2014,58.56
12/31/13,2013,12,2014,74.41
1/10/14,2014,1,2014,88.03
1/20/14,2014,1,2014,91.83
1/31/14,2014,1,2014,92.09
2/10/14,2014,2,2014,95.72
2/20/14,2014,2,2014,97.22
2/28/14,2014,2,2014,98.27
3/10/14,2014,3,2014,99.1
3/20/14,2014,3,2014,99.38
3/31/14,2014,3,2014,96.83
4/10/14,2014,4,2014,91.07
4/20/14,2014,4,2014,82.69
4/30/14,2014,4,2014,75.79
5/10/14,2014,5,2014,63.93
5/20/14,2014,5,2014,50.47
5/31/14,2014,5,2014,41.82
6/10/14,2014,6,2014,35.84
6/20/14,2014,6,2014,31.47
6/30/14,2014,6,2014,27.74
7/10/14,2014,7,2014,24.51
7/20/14,2014,7,2014,21.75
7/31/14,2014,7,2014,19.2
8/10/14,2014,8,2014,16.94
8/20/14,2014,8,2014,15.04
8/31/14,2014,8,2014,13.45
9/10/14,2014,9,2015,12
9/20/14,2014,9,2015,10.84
9/30/14,2014,9,2015,9.98
10/10/14,2014,10,2015,12.09
10/20/14,2014,10,2015,16.03
10/31/14,2014,10,2015,13.39
11/10/14,2014,11,2015,14.68
11/20/14,2014,11,2015,20
11/30/14,2014,11,2015,22.33
12/10/14,2014,12,2015,30.19
12/20/14,2014,12,2015,47.29
12/31/14,2014,12,2015,69.52
1/10/15,2015,1,2015,82.79
1/20/15,2015,1,2015,85.15
1/31/15,2015,1,2015,89.11
2/10/15,2015,2,2015,92.55
2/20/15,2015,2,2015,92.38
2/28/15,2015,2,2015,91.48
3/10/15,2015,3,2015,92.78
3/20/15,2015,3,2015,85.02
3/31/15,2015,3,2015,77.59
4/10/15,2015,4,2015,91.59
4/20/15,2015,4,2015,89.87
4/30/15,2015,4,2015,84.41
5/10/15,2015,5,2015,65.02
5/20/15,2015,5,2015,49.83
5/31/15,2015,5,2015,40.12
6/10/15,2015,6,2015,33.9
6/20/15,2015,6,2015,29.3
6/30/15,2015,6,2015,25.46
7/10/15,2015,7,2015,22.17
7/20/15,2015,7,2015,19.37
7/31/15,2015,7,2015,16.87
8/10/15,2015,8,2015,14.71
8/20/15,2015,8,2015,12.94
8/31/15,2015,8,2015,11.32
9/10/15,2015,9,2016,10.05
9/20/15,2015,9,2016,9.06
9/30/15,2015,9,2016,8.34
10/10/15,2015,10,2016,9.65
10/20/15,2015,10,2016,9.78
10/31/15,2015,10,2016,8.89
11/10/15,2015,11,2016,16.38
11/20/15,2015,11,2016,22.26
11/30/15,2015,11,2016,34.94
12/10/15,2015,12,2016,44.62
12/20/15,2015,12,2016,56.87
12/31/15,2015,12,2016,68.46
1/10/16,2016,1,2016,64.61
1/20/16,2016,1,2016,75.1
1/31/16,2016,1,2016,83.57
2/10/16,2016,2,2016,87.93
2/20/16,2016,2,2016,87.47
2/29/16,2016,2,2016,89.47
3/10/16,2016,3,2016,93.41
3/20/16,2016,3,2016,94.63
3/31/16,2016,3,2016,95.07
4/10/16,2016,4,2016,89.81
4/20/16,2016,4,2016,75.98
4/30/16,2016,4,2016,61
5/10/16,2016,5,2016,51.13
5/20/16,2016,5,2016,41.18
5/31/16,2016,5,2016,34.01
6/10/16,2016,6,2016,28.91
6/20/16,2016,6,2016,25.06
6/30/16,2016,6,2016,21.88
7/10/16,2016,7,2016,19.19
7/20/16,2016,7,2016,16.92
7/31/16,2016,7,2016,14.87
8/10/16,2016,8,2016,13.03
8/20/16,2016,8,2016,11.5
8/31/16,2016,8,2016,10.15
9/10/16,2016,9,2017,8.99
9/20/16,2016,9,2017,8.22
9/30/16,2016,9,2017,7.52
10/10/16,2016,10,2017,7.88
10/20/16,2016,10,2017,7.65
10/31/16,2016,10,2017,7.6
11/10/16,2016,11,2017,9.4
11/20/16,2016,11,2017,16.54
11/30/16,2016,11,2017,30.71
12/10/16,2016,12,2017,41.69
12/20/16,2016,12,2017,60.29
12/31/16,2016,12,2017,68.5
1/10/17,2017,1,2017,79
1/20/17,2017,1,2017,87.97
1/31/17,2017,1,2017,91.92
2/10/17,2017,2,2017,94.16
2/20/17,2017,2,2017,95.59
2/28/17,2017,2,2017,97.09
3/10/17,2017,3,2017,98.33
3/20/17,2017,3,2017,97.29
3/31/17,2017,3,2017,93.96
4/10/17,2017,4,2017,83.05
4/20/17,2017,4,2017,75.02
4/30/17,2017,4,2017,75
5/10/17,2017,5,2017,58.76
5/20/17,2017,5,2017,45.6
5/31/17,2017,5,2017,37.26
6/10/17,2017,6,2017,31.64
6/20/17,2017,6,2017,27.44
6/30/17,2017,6,2017,23.96
7/10/17,2017,7,2017,21.05
7/20/17,2017,7,2017,18.57
7/31/17,2017,7,2017,16.3
8/10/17,2017,8,2017,14.32
8/20/17,2017,8,2017,12.7
8/31/17,2017,8,2017,11.27
9/10/17,2017,9,2018,10.02
9/20/17,2017,9,2018,9.07
9/30/17,2017,9,2018,8.97
10/10/17,2017,10,2018,10.18
10/20/17,2017,10,2018,20.62
10/31/17,2017,10,2018,19.31
11/10/17,2017,11,2018,18.89
11/20/17,2017,11,2018,32.4
11/30/17,2017,11,2018,39.61
12/10/17,2017,12,2018,50.34
12/20/17,2017,12,2018,64.65
12/31/17,2017,12,2018,74.36
1/10/18,2018,1,2018,71.69
1/20/18,2018,1,2018,68.49
1/31/18,2018,1,2018,70.89
2/10/18,2018,2,2018,85.99
2/20/18,2018,2,2018,93.26
2/28/18,2018,2,2018,94.69
3/10/18,2018,3,2018,96.79
3/20/18,2018,3,2018,97.06
3/31/18,2018,3,2018,94.88
4/10/18,2018,4,2018,92.46
4/20/18,2018,4,2018,90.21
4/30/18,2018,4,2018,74.51
5/10/18,2018,5,2018,60.04
5/20/18,2018,5,2018,48.17
5/31/18,2018,5,2018,39.65
6/10/18,2018,6,2018,33.71
6/20/18,2018,6,2018,29.45
6/30/18,2018,6,2018,25.84
7/10/18,2018,7,2018,22.77
7/20/18,2018,7,2018,20.17
7/31/18,2018,7,2018,17.77
8/10/18,2018,8,2018,15.62
8/20/18,2018,8,2018,13.78
8/31/18,2018,8,2018,12.14
9/10/18,2018,9,2019,10.81
9/20/18,2018,9,2019,9.97
9/30/18,2018,9,2019,9.2
10/10/18,2018,10,2019,8.45
10/20/18,2018,10,2019,11.03
10/31/18,2018,10,2019,11.95
11/10/18,2018,11,2019,13.85
11/20/18,2018,11,2019,14.33
11/30/18,2018,11,2019,24.96
12/10/18,2018,12,2019,35.93
12/20/18,2018,12,2019,54.2
12/31/18,2018,12,2019,67.19
1/10/19,2019,1,2019,77.73
1/20/19,2019,1,2019,87.56
1/31/19,2019,1,2019,85.28
2/10/19,2019,2,2019,86.41
2/20/19,2019,2,2019,92.84
2/28/19,2019,2,2019,90.56
3/10/19,2019,3,2019,87.02
3/20/19,2019,3,2019,84.94
3/31/19,2019,3,2019,77.4
4/10/19,2019,4,2019,72.66
4/20/19,2019,4,2019,84.5
4/30/19,2019,4,2019,78.58
5/10/19,2019,5,2019,60.79
5/20/19,2019,5,2019,46.63
5/31/19,2019,5,2019,37.65
6/10/19,2019,6,2019,31.66
6/20/19,2019,6,2019,27.27
6/30/19,2019,6,2019,23.68
7/10/19,2019,7,2019,20.61
7/20/19,2019,7,2019,18.02
7/31/19,2019,7,2019,15.75
8/10/19,2019,8,2019,13.77
8/20/19,2019,8,2019,12.09
8/31/19,2019,8,2019,10.6
9/10/19,2019,9,2020,9.5
9/20/19,2019,9,2020,8.65
9/30/19,2019,9,2020,7.96
10/10/19,2019,10,2020,9.95
10/20/19,2019,10,2020,11.49
10/31/19,2019,10,2020,12.98
11/10/19,2019,11,2020,13.66
11/20/19,2019,11,2020,26.01
11/30/19,2019,11,2020,44.38
12/10/19,2019,12,2020,55.04
12/20/19,2019,12,2020,65.83
12/31/19,2019,12,2020,68.84
1/10/20,2020,1,2020,80.64
1/20/20,2020,1,2020,89.37
1/31/20,2020,1,2020,89.43
2/10/20,2020,2,2020,90.87
2/20/20,2020,2,2020,96.21
2/29/20,2020,2,2020,97.02
3/10/20,2020,3,2020,95.88
3/20/20,2020,3,2020,93.23
3/31/20,2020,3,2020,92.99
4/10/20,2020,4,2020,87.01
4/20/20,2020,4,2020,80.05
4/30/20,2020,4,2020,66.4
5/10/20,2020,5,2020,54.49
5/20/20,2020,5,2020,44.54
5/31/20,2020,5,2020,37.16
6/10/20,2020,6,2020,31.91
6/20/20,2020,6,2020,28.02
6/30/20,2020,6,2020,24.74
7/10/20,2020,7,2020,21.86
7/20/20,2020,7,2020,19.39
7/31/20,2020,7,2020,17.12
8/10/20,2020,8,2020,15.09
8/20/20,2020,8,2020,13.42
8/31/20,2020,8,2020,11.98
9/10/20,2020,9,2021,10.75
9/20/20,2020,9,2021,9.79
9/30/20,2020,9,2021,9.41
10/10/20,2020,10,2021,11.41
10/20/20,2020,10,2021,17.93
10/31/20,2020,10,2021,13.7
11/10/20,2020,11,2021,14.07
11/20/20,2020,11,2021,27.07
11/30/20,2020,11,2021,38.53
12/10/20,2020,12,2021,59.9
12/20/20,2020,12,2021,77.4
12/31/20,2020,12,2021,83.88
1/10/21,2021,1,2021,90.01
1/20/21,2021,1,2021,93.6
1/31/21,2021,1,2021,95.37
2/10/21,2021,2,2021,96.81
2/20/21,2021,2,2021,98.09
2/28/21,2021,2,2021,99
3/10/21,2021,3,2021,98.57
3/20/21,2021,3,2021,95.38
3/31/21,2021,3,2021,93.78
4/10/21,2021,4,2021,85.17
4/20/21,2021,4,2021,71.41
4/30/21,2021,4,2021,60.2
5/10/21,2021,5,2021,58.62
5/20/21,2021,5,2021,45.74
5/31/21,2021,5,2021,37.58
6/10/21,2021,6,2021,32.16
6/20/21,2021,6,2021,28.22
6/30/21,2021,6,2021,24.94
7/10/21,2021,7,2021,22.06
7/20/21,2021,7,2021,19.62
7/31/21,2021,7,2021,17.42
8/10/21,2021,8,2021,15.45
8/20/21,2021,8,2021,13.77
8/31/21,2021,8,2021,12.31
9/10/21,2021,9,2022,11.05
9/20/21,2021,9,2022,10.2
9/30/21,2021,9,2022,9.45
10/10/21,2021,10,2022,11.37
10/20/21,2021,10,2022,10.64
10/31/21,2021,10,2022,13.4
11/10/21,2021,11,2022,20.16
11/20/21,2021,11,2022,22.13
11/30/21,2021,11,2022,32.44
12/10/21,2021,12,2022,28.23
12/20/21,2021,12,2022,36.87
12/31/21,2021,12,2022,57.06
1/10/22,2022,1,2022,72.92
1/20/22,2022,1,2022,89.6
1/31/22,2022,1,2022,92.41
2/10/22,2022,2,2022,94.09
2/20/22,2022,2,2022,94.69
2/28/22,2022,2,2022,93.55
3/10/22,2022,3,2022,91.9
3/20/22,2022,3,2022,92.95
3/31/22,2022,3,2022,92.71
4/10/22,2022,4,2022,91.68
4/20/22,2022,4,2022,91.91
4/30/22,2022,4,2022,84.31
5/10/22,2022,5,2022,66.87
5/20/22,2022,5,2022,51.87
5/31/22,2022,5,2022,42.2
6/10/22,2022,6,2022,35.71
6/20/22,2022,6,2022,30.96
6/30/22,2022,6,2022,27.03
7/10/22,2022,7,2022,23.8
7/20/22,2022,7,2022,20.88
7/31/22,2022,7,2022,18.26
8/10/22,2022,8,2022,15.93
8/20/22,2022,8,2022,14.05
8/31/22,2022,8,2022,12.38
9/10/22,2022,9,2023,10.98
9/20/22,2022,9,2023,9.94
9/30/22,2022,9,2023,9.3
10/10/22,2022,10,2023,8.48
10/20/22,2022,10,2023,7.85
10/31/22,2022,10,2023,7.81
11/10/22,2022,11,2023,17.93
11/20/22,2022,11,2023,36.93
11/30/22,2022,11,2023,39.24
12/10/22,2022,12,2023,43.94
12/20/22,2022,12,2023,60.72
12/31/22,2022,12,2023,73.67
1/10/23,2023,1,2023,84.22
1/20/23,2023,1,2023,90.39
1/31/23,2023,1,2023,94.24
2/10/23,2023,2,2023,95.71
2/20/23,2023,2,2023,97.07
2/28/23,2023,2,2023,97.8
3/10/23,2023,3,2023,97.21
3/20/23,2023,3,2023,93.21
3/31/23,2023,3,2023,93.01
4/10/23,2023,4,2023,89.56
4/20/23,2023,4,2023,85.9
4/30/23,2023,4,2023,74.91
5/10/23,2023,5,2023,59.78
5/20/23,2023,5,2023,47.99
5/31/23,2023,5,2023,39.74
6/10/23,2023,6,2023,34.08
6/20/23,2023,6,2023,29.81
6/30/23,2023,6,2023,26.25
7/10/23,2023,7,2023,23.19
7/20/23,2023,7,2023,20.58
7/31/23,2023,7,2023,18.1
8/10/23,2023,8,2023,15.95
8/20/23,2023,8,2023,14.17
8/31/23,2023,8,2023,12.56
9/10/23,2023,9,2024,11.25
9/20/23,2023,9,2024,10.27
9/30/23,2023,9,2024,9.87
10/10/23,2023,10,2024,9.17
10/20/23,2023,10,2024,17.14
10/31/23,2023,10,2024,19.66
11/10/23,2023,11,2024,28.52
11/20/23,2023,11,2024,29.46
11/30/23,2023,11,2024,33.29
12/10/23,2023,12,2024,42.61
12/20/23,2023,12,2024,53.72
12/31/23,2023,12,2024,71.86
1/10/24,2024,1,2024,81.14
1/20/24,2024,1,2024,89.03
1/31/24,2024,1,2024,83.73
2/10/24,2024,2,2024,77.97
2/20/24,2024,2,2024,71.01
2/29/24,2024,2,2024,68.37
3/10/24,2024,3,2024,70.49
3/20/24,2024,3,2024,75.56
3/31/24,2024,3,2024,67.89
4/10/24,2024,4,2024,82.33
4/20/24,2024,4,2024,74.12
4/30/24,2024,4,2024,63.93
5/10/24,2024,5,2024,51.76
5/20/24,2024,5,2024,41.32
5/31/24,2024,5,2024,34.15
6/10/24,2024,6,2024,29.03
6/20/24,2024,6,2024,25.21
6/30/24,2024,6,2024,22.04
7/10/24,2024,7,2024,18.95
7/20/24,2024,7,2024,15.35
7/31/24,2024,7,2024,12.36
8/10/24,2024,8,2024,10.35
8/20/24,2024,8,2024,9.04
8/31/24,2024,8,2024,7.53