"year","month","1","2","3","4","5","6","7","8","9","10"
"2000","Apr",6528.00707260358,6995.02834571456,6765.11518953393,6670.24164309,6218.20219401186,6613.18531066286,6947.96845088241,6774.26930900235,5981.39899517304,5617.12888335169
"2000","Aug",3721.59831856897,3990.25555839852,3527.18166756834,3880.88611795939,3787.29552312784,4034.34003987634,4394.55659718567,3874.48695644008,3194.07324080068,3518.97311587538
"2000","Dec",5496.23480030482,4456.68986659671,5915.65023710694,5159.53524868246,5598.69166791362,5523.24135019865,5705.1579280162,5126.70748767649,5445.14682263379,5048.49044733573
"2000","Feb",5672.2122561624,7166.53548582403,5866.11746423214,6194.7371666985,4956.1168315152,6600.76764226306,6408.90454497558,6182.50865712555,5693.7278079884,5943.73986022746
"2000","Jul",4323.84967395982,4602.04145010342,4204.61943318728,4606.68985626162,4402.54486195633,4596.03668866326,4962.74784939418,4448.96867392145,3863.38089507576,4059.17171708255
"2000","Jun",5029.78462422321,5314.26145101536,5179.22212743961,5229.08423111391,5143.7629619279,5323.2529368222,5669.55075369383,5130.41479509898,4668.34964450107,4664.55021773759
"2000","Mar",6622.81014539024,6800.18096903819,6867.571981162,6688.35208155091,6908.41316086081,6765.45175889699,6161.06101875054,6850.58081191447,5998.33328658599,5316.51837274631
"2000","May",5854.88856159393,6143.79058974052,6034.04269323391,5954.71505171906,5925.05703867288,6125.53380291814,6380.70976574663,5979.84681532153,5383.11959829651,5219.47668263448
"2000","Nov",5173.04107875813,6174.54007201275,5116.40683564053,5930.0298762546,4540.14331576313,5525.35275896214,6477.65011109391,5459.81465232584,4247.11141431828,4316.80289829153
"2000","Oct",4156.37915229371,4999.2166507363,3460.74921733786,4663.54494375989,3710.45869814631,4030.88164091584,5436.48215942441,4443.77960839032,3291.69982410674,4012.13033870362
"2000","Sep",3487.33274397201,4189.94753439319,3123.25330590059,3736.33346075084,3297.6861461695,3478.72349184401,4658.95877344685,3619.26632581739,2929.92244135642,3586.51162060478
"2001","Apr",6672.06839842154,7149.57380862465,6805.04097626911,6742.14399156612,6875.24644210087,6683.76025094,7054.2127184362,6758.22232577269,6245.66008155876,5758.3559980312
"2001","Aug",3730.61473709862,4173.1722029238,3431.54350425042,4049.63771270413,3868.39834198468,4048.69045627371,4381.45159605358,3974.54237201638,3249.19408970487,3565.3662263892
"2001","Dec",6643.87002356712,6325.23695861664,5681.16154050222,6233.78727424112,6637.60666582916,5273.47232797526,6944.07091538873,6124.77231265295,5892.60283237187,5782.85250347406
"2001","Feb",5133.13339636145,5576.60802829443,6387.03217089279,6154.44478670348,5577.20479656347,6065.41670621639,6107.01644778942,6901.23041728225,5424.27552864116,5256.34195809125
"2001","Jan",6209.07582537084,5440.31584921746,6046.21280058494,4701.70323264052,6492.63761275563,5381.74220203285,5929.20693805815,4677.85488153504,6056.23364790255,5940.3891333031
"2001","Jul",4367.08409807415,4790.6760107543,4211.47334162175,4811.93102378188,4604.97547451431,4759.5725007677,4922.72464696403,4673.76147392615,3755.43511797304,3925.77571977702
"2001","Jun",5001.22137055715,5491.79469600092,4928.83683492039,5610.64986326986,5184.07321525359,5349.64549458553,5719.38642548819,5431.93458349494,4281.7882049025,4721.72980504654
"2001","Mar",6294.28414076115,6944.05871804114,6480.57541897814,6337.23800672702,6324.30045612499,6341.28946339583,6836.44247366692,6673.46526039011,6190.98774830496,6130.56925678007
"2001","May",5786.53880448721,6234.80235666418,5800.71555633171,6269.25226931879,6072.77122712986,6082.83882687763,6323.67062527974,6151.98567130794,5289.58232644875,5129.65033275267
"2001","Nov",5378.6381254108,6578.33546392078,4218.75360755124,5967.63507667692,4866.74727082004,4683.87039842101,6656.21463516677,5563.9908183557,4425.83799105105,5307.57156330547
"2001","Oct",4257.159267958,5245.09516178967,3750.93468402954,4761.75042417027,3748.30641868763,4099.12561244359,5713.20730569584,4598.83447569552,3107.49959489998,4112.05490736992
"2001","Sep",3915.86746589902,4833.85620847645,3423.89488747849,4198.53260641202,3608.50073946475,3830.91455895635,5155.30419378618,4093.72710824001,3174.31905788516,3841.79859991784
"2002","Apr",5892.8918607802,6922.59937838476,6617.7683164582,6977.57014374117,5753.9822128467,6786.27119516376,7052.81117499857,6839.55981033624,4743.05853215103,5288.7472186412
"2002","Aug",3505.27787949077,4263.40842419765,3315.76121048321,4128.55977604423,3263.81657850755,4136.79779486948,4561.62836247939,4071.40933942219,2784.65613039691,3468.28558172549
"2002","Dec",5034.34051182593,6156.22487751798,4907.04154534918,6204.87155618776,4682.69942772397,6111.75807869944,6537.86083446856,6762.60090895822,4390.72240519694,5379.64242957368
"2002","Feb",6721.17668001614,6498.28116783139,7074.49964320511,6265.06915982972,7063.69564786119,6640.20280958063,6849.01331618357,6614.96202701487,5944.13300284353,5829.96119442458
"2002","Jan",6798.44000290526,6905.4495535693,6360.42327443173,5421.01076830276,6495.0636040407,6168.32466908129,6487.12947593828,5801.58303058835,6083.65722986852,5922.29578497428
"2002","Jul",3808.54924715792,4431.63772099115,3766.84460008201,4633.41225289354,3646.09878077493,4666.8114094549,4767.95905300205,4552.54796606023,3119.49163104587,3698.79766270169
"2002","Jun",4371.33052354236,5193.42761409481,4449.12660719301,5551.79872939109,4344.74458812634,5375.47497335727,5597.03502825146,5313.55554186897,3676.21037561173,4209.08707088782
"2002","Mar",6351.0653709301,7295.23357319128,7031.80354023608,6309.30842131667,6075.38132407893,6355.99742489438,7216.14565306284,6142.90216209589,4891.68168195648,5764.93875716585
"2002","May",5082.61455382958,5972.40299565854,5403.78522341145,6222.63056148765,5169.98313844872,6095.39406270329,6264.1544171847,6027.90000165388,4338.95680448488,4779.2680307806
"2002","Nov",4856.45312679923,6004.44980649292,4214.17834249448,6026.95694301392,4215.46088606821,4966.75117694541,6390.71128377855,5638.6325379969,3552.27976932776,4599.35195474989
"2002","Oct",3861.17717183451,5060.26829515152,3374.94673477293,4755.55868534822,3211.42619051899,3846.75241626719,5684.08676452864,4340.38953068714,2872.19998288441,4043.06444476851
"2002","Sep",3577.90662603932,4753.11875967519,3219.79419818114,4246.43127212637,3131.01823807604,3848.87173475756,5118.73410375597,4208.32397632578,2716.59149994947,3676.70382085732
"2003","Apr",6678.94061270183,7004.21377406938,7008.78762928001,6724.88918676582,7040.35073191012,6923.79663886757,7043.63317101057,6837.2826971961,5535.78462942775,5523.33261353918
"2003","Aug",3727.77706413442,4205.92167213124,3479.66307547536,3944.71419805576,3710.79096446817,4194.92888555229,4482.47644834121,4027.1337209016,2920.56932607144,3342.73062861489
"2003","Dec",6337.45159440473,6591.97076321718,5518.35525316952,6491.77901893591,5871.45743331572,5931.12780176913,7022.97697803858,6181.85526108497,4964.81263303081,5880.59472201922
"2003","Feb",7155.56281581719,7807.95440756371,7170.22563667893,6773.73270183069,7127.05122823071,6339.39650156115,7463.46926792359,6912.96503911415,6150.44468679668,6151.20387497879
"2003","Jan",7047.65595233669,7488.7554719168,7057.10687984653,6434.95101818315,6969.25988924553,6798.41275864744,7333.03308062749,6463.38236110916,5459.50650766939,5942.46653264804
"2003","Jul",4329.19183474229,4694.24140711235,4207.20866266659,4755.18811220683,4530.62139409071,4896.33560190917,5019.10951391976,4768.90405825761,3369.51088973181,3838.0023070893
"2003","Jun",5048.81070806379,5394.79562388969,5172.46243601286,5385.64631935401,5319.56687760953,5668.58076967159,5664.96595319329,5356.76416872272,3923.03621374862,4382.13135681221
"2003","Mar",6869.4586679317,7305.82732297272,6475.78741188141,6097.66290327732,6941.05979690777,6429.22478300951,7325.77169945283,6752.1337662567,6352.89621398829,5877.79149274793
"2003","May",5715.44143898032,6066.92629734401,5979.10796943331,6147.08661386075,6101.62323312498,6266.30749608253,6284.87132203876,6174.13918041375,4518.497598901,4847.99143007191
"2003","Nov",4632.56629697391,5846.71726483079,3656.03012663613,5438.14219206302,4056.26725224581,4248.88975945521,6512.18351928045,5031.0320393036,3310.73895212765,4453.84860596
"2003","Oct",4210.23649711727,5576.2404438504,3447.80077856071,4922.24029764438,3645.26456013637,3885.54023256619,5741.72068970479,4338.20015326102,2904.0573424382,3823.20890702884
"2003","Sep",3583.99875678387,4546.51247817198,3206.07795477368,3922.50683388682,3297.96197495302,3689.35721851586,4941.93790399542,3912.07810517353,2683.48842923283,3430.96180813523
"2004","Apr",6724.19477516006,7198.94675580103,6952.34167530418,6879.62286216641,6952.62385150077,6865.76922725234,7287.84835819044,6796.63211424314,6271.58055235333,5892.47299126053
"2004","Aug",3736.04514547031,4187.92756603969,3432.92735928908,4106.162169737,3840.01546627173,4029.1471494018,4584.62137601075,4027.08540010752,3233.49736568753,3619.20244847346
"2004","Dec",6324.21897236906,7099.12453611067,6144.40947688864,5970.69664403035,6467.72549186152,5956.15239285433,6966.28770240614,6299.67667113677,5112.11658795212,5580.36491478428
"2004","Feb",5935.99531136689,6398.13037876836,7107.16047345237,6457.64581959688,6566.26578460903,6906.18916921156,6254.9169822943,6718.13027877492,5185.38327416156,5288.35760453327
"2004","Jan",6432.28234380509,6817.99300593058,6295.54726081137,6237.14098696095,6365.54215248387,6658.19725370122,7217.35324706349,6519.51277715292,5641.2427408303,6001.554825422
"2004","Jul",4331.3307956716,4699.01282820354,4112.83275869244,4829.04460693941,4650.4735248044,4622.85011414713,5095.75213719415,4633.68878340488,3811.39737779438,4110.33427138212
"2004","Jun",5008.29943040064,5497.89639687834,5059.19339269964,5476.54068909739,5326.57683860796,5418.15924565612,5816.45758984202,5423.96397087296,4509.24185376465,4705.69492714609
"2004","Mar",6843.72812482163,7166.27108288756,7148.17099315856,6479.97012609372,6702.82514967128,6928.35487425779,6703.30340029289,6831.26308489845,6595.87755979869,6147.80399866174
"2004","May",5872.5364879116,6388.62209207731,6108.50447426782,6295.68335618893,6159.4420503636,6266.35771352527,6584.18485559921,6251.64624880603,5346.39781313758,5288.02622335186
"2004","Nov",5074.62487319747,6438.04416395531,4622.98044621341,6069.42113853924,4571.93279272409,4814.38748679305,6804.07504768705,5483.25960578445,3500.70020268565,5031.18103559514
"2004","Oct",4332.01119439216,5095.36037238585,3832.56665459153,4894.21174802673,4097.49583266613,4000.89449845232,6073.03565600821,4405.84421634756,3190.18605571186,4344.98357326564
"2004","Sep",3574.09582123649,4546.11434697387,3172.21348569274,4052.25636207581,3382.08175173099,3675.59316716569,4894.03501933094,4097.97750656328,2939.69448629394,3782.03473084878
"2005","Apr",5682.36677232826,6771.37530840758,5647.34437065329,6494.55549307825,5339.74754416349,6609.53781394762,7046.95601363783,6774.48214629932,4821.46899307613,5520.62999430096
"2005","Aug",3230.77560211682,4016.88026423576,3136.59175370584,3907.00400732059,3241.64988987047,3823.45899347604,4271.55748366074,3904.34749158677,2755.25670097927,3313.31447001346
"2005","Dec",5894.67461127647,6557.89338188862,5909.95561518159,6576.71717510692,5843.07548104468,5775.971447274,6771.56753128657,6364.39027332139,4999.57817064798,5547.50148118841
"2005","Feb",7108.53714269537,7530.15644914004,7284.7409368159,6799.33642838948,7372.85714023746,7279.75303819403,7503.63702734297,7223.23306226591,6514.18977115874,6027.69054377049
"2005","Jan",6318.66821653943,6617.41989141784,6233.04463103921,6296.17324760374,7328.56616351703,6661.22735552135,6480.68848505019,6603.40720277279,6384.37969733106,5857.80129756251
"2005","Jul",3630.3630590933,4371.96437309391,3584.80600078775,4595.22543138712,3636.02156846114,4437.61830905191,4645.74066878389,4507.60490519984,3031.22875535397,3658.09008080268
"2005","Jun",4028.69682832031,4969.16210465327,4048.3830553853,5262.64123862073,4043.00545932976,5102.84290079894,5317.72128697652,5222.52123010137,3368.62080871997,4119.82079284387
"2005","Mar",6718.03766938684,7397.57746719668,6928.25380080726,6848.13018186604,6691.36661883902,7213.60514453772,7459.38852686198,7110.52066863399,6064.98473545905,6080.31006726173
"2005","May",4673.06973397247,5853.89308666035,4620.58404226396,6009.68631239952,4535.97471863751,5792.6597097345,6199.35621415272,6018.70715979711,3900.99631636097,4780.41237471637
"2005","Nov",3883.04520568802,5363.21531484005,3641.00655571,5267.206610716,3667.91823806765,4437.39663292372,5725.09176544427,5036.45402127124,2831.78249163351,3917.86196670046
"2005","Oct",3424.96973131589,4767.97799823904,3208.44151574898,4516.9966525816,3072.00756302798,3758.20785174933,5206.92136873338,4248.08694182694,2484.91129422812,3348.29380569864
"2005","Sep",3279.61411162735,4492.17105917766,3078.83404818022,4144.01979804322,3099.27086067823,3651.54384522739,4728.53948567597,3985.68932768477,2569.90735216765,3226.43660625155
"2006","Apr",6608.63006770479,7017.91633883602,7049.62190651018,6693.34960988047,6795.20233434791,7056.70196910509,7197.35090693363,6959.36300297019,6044.0764667109,5755.60224687023
"2006","Aug",3746.4227822169,4089.86666975844,3497.23093483326,3882.84133710484,3722.03341237302,4141.35321029648,4494.22035647574,4033.20785782314,3245.29000789246,3539.02650245231
"2006","Dec",5832.40427961419,5731.31393321758,5392.94781520805,5257.63367559428,5426.43451645246,5266.40111084259,6240.44948242922,5564.01052620363,5147.96459715668,5589.75743557163
"2006","Feb",6460.11857597961,7178.3611338571,7133.72817832898,6818.51674710338,5974.34721242544,6883.73323834399,7156.9945618352,7188.06017598309,6099.49928301028,6163.73829043894
"2006","Jan",6622.9171325091,7211.61015858492,6763.27911301371,6642.00437263153,6652.71909952529,6632.51476660054,6870.98045488609,6416.25584663682,5579.21164280706,5975.19268972837
"2006","Jul",4331.94236847106,4614.17841148245,4206.83315797567,4734.48819322392,4381.33590017224,4813.37519410537,5064.45133933585,4781.15583298461,3778.0112694471,4076.68855687757
"2006","Jun",5034.25710308765,5407.37684192491,5126.70316835782,5468.62532128562,5122.03353619185,5583.07777277528,5826.23129943442,5539.2660534993,4429.95147809807,4621.99684330911
"2006","Mar",6926.4387745292,7163.54104386209,7161.19698667683,6687.37788246729,6934.77438338628,6544.95569760467,6984.79778674383,6789.53191419948,6623.71898804247,6204.06968025436
"2006","May",5782.10705428285,6284.18016946367,6020.75845069348,6215.75537339844,5837.13789494424,6434.87596289005,6608.56841468632,6399.38869589653,5127.08794852698,5155.83759509885
"2006","Nov",5082.09566276313,5978.33008085535,4033.63385818823,5370.6988364927,4343.89681014176,4314.44935777795,6766.90442999078,5060.14586208413,4027.69625175936,5270.51649023606
"2006","Oct",4191.42539723856,5270.95922364388,3288.06046671847,4557.4744335789,3520.64593428062,3634.08583944152,5966.87108208971,3990.00289314785,3294.42286103406,4509.25822311447
"2006","Sep",3649.88582842585,4617.28978039852,3139.37644753653,3939.26029183551,3336.28300935551,3639.11221607423,5030.26922979795,3831.54662388876,3048.37879827995,3818.98058178729
"2007","Apr",6489.1410728216,6978.09174347292,6822.41761796741,6423.30513210917,6441.27404229749,6733.4070363487,7163.85346256322,6765.28865200146,5755.81104825157,5744.22642859879
"2007","Aug",3723.29813160597,4164.93910244247,3429.47085511595,3925.83941175129,3462.74120999378,4091.8601418791,4635.12861743782,4029.46258275977,3058.3989252979,3560.09523517217
"2007","Dec",3995.30083836624,5319.7457422912,4559.1850843536,4892.58908115708,3037.79730030529,4723.27602801161,5907.85305893473,5315.39966538413,3516.8186774895,4389.42296728154
"2007","Feb",7314.63893125858,7597.82323274495,7240.90948104117,6645.2651076533,7518.53445585216,6935.98932941027,7381.50476742071,6929.29781019575,6841.56153788748,6180.01677028062
"2007","Jan",6164.26036163517,5524.6172867314,5845.6510229781,5446.4141262339,6156.8830885629,5954.83399885166,5852.03271437043,5693.5188258607,6154.28065951698,5913.48152232346
"2007","Jul",4220.85284222389,4623.91229810635,4088.14577933398,4642.83570484414,3958.16206837211,4774.75128714173,5005.22229182814,4571.96021211141,3441.95303837005,3912.6072173694
"2007","Jun",4900.97019409636,5421.62766818119,4826.77211237023,5545.99578411226,4673.11925224995,5422.16973943331,5668.39173742206,5294.68622631764,4015.76032593323,4425.02439593355
"2007","Mar",7110.69780417891,7626.39865832842,7226.95808803255,6801.81195520741,6958.39769182512,7085.77995959442,7460.31993959629,7022.00325130114,6381.68347731473,6117.67464225629
"2007","May",5589.15035382621,6047.72622147503,5733.33183868844,6110.20000185088,5302.79774113409,6101.74805608755,6350.82903515773,5974.62027836615,4654.62060462239,4999.36232879629
"2007","Nov",4988.4245104985,6174.55055336825,4391.81210486165,5882.17614769886,3990.27941928259,4845.72602526489,6672.54558761804,5745.70334494162,4021.10013850707,5073.6230534206
"2007","Oct",4177.16848230766,5266.40049666568,3495.0313964854,5174.91933467571,3275.65467927068,4082.90555633167,5840.72622201753,4721.28698053189,2962.10520956017,4281.39582469445
"2007","Sep",3736.23340670106,4647.35671919795,3224.57785408623,4169.01628813245,3228.17782853652,3742.51545390252,5180.63409269882,4021.35684513182,2904.95539903624,3780.19113001945
"2008","Apr",6391.19891497323,6951.73564745647,6399.97020677374,6546.1749206874,6312.38361569225,6762.31849901781,6960.5275289428,6661.525137292,5661.42222024383,5602.57429658291
"2008","Aug",3684.79896134485,4191.46833704892,3371.99556816289,3854.99843601547,3647.03996949003,4048.37327093512,4487.93418769725,3945.1970824107,3125.14377661169,3603.09839937488
"2008","Dec",6703.80785778768,7020.59201908027,6458.04087642155,6283.53877560298,6661.29632372483,6211.90953942307,6938.54410446057,6827.84445243187,5272.41246599593,6054.59706427897
"2008","Feb",7256.34166048431,7548.50159613804,7253.7807805323,6600.49701623245,7483.11936596439,7189.98907567883,7530.99865609567,6839.19858485404,6626.80343527636,6364.14771811568
"2008","Jan",5101.67364178038,6266.98120882413,4675.23110661456,6135.25524111854,4371.62245105929,5732.27271359507,6675.37415151669,6468.52260438182,4187.04703836278,4612.96774293373
"2008","Jul",4182.40910792863,4552.26251482375,3903.12750923006,4544.98555762256,4325.01045641742,4712.88843546686,4957.94437248945,4488.45547976117,3628.9836672818,4029.21446315546
"2008","Jun",4768.86622840323,5218.78125118059,4586.5535187737,5383.25625893989,4831.72791102843,5343.75197750652,5647.11218199706,5175.38965620535,4198.35918272916,4596.09373137145
"2008","Mar",6721.67369910765,7411.08657858988,6985.60646743805,6378.14461071969,6631.0557507488,6896.16209652161,7365.45723813018,6658.50432999324,6339.83785639593,6136.19134567438
"2008","May",5469.23756929831,5993.90377414079,5433.66453048646,5977.84078810032,5476.82401312399,6073.12418535989,6348.90572812973,5912.7498226292,4848.04760352069,5152.14165627816
"2008","Nov",5909.77480613358,6562.20811561789,4760.77524854396,5704.43695519492,5129.85365295384,4719.77776005944,5933.20465370327,5615.28482771892,4900.23036150624,5416.91629809488
"2008","Oct",4393.62060668075,5404.34706952523,3485.29086314393,5068.61915129159,3702.2273662318,4131.86165831242,5831.57155453575,4879.25196039694,3332.84969921327,4399.85853380014
"2008","Sep",3680.93480009092,4530.78284569837,3107.83313948995,3992.96266311699,3393.57498439803,3603.74218790681,4735.63394505798,3735.08619004773,3017.87867362092,3647.9527050333
"2009","Apr",6438.69565844396,7007.21970249477,6782.70028327692,6367.00510464197,6685.71162413767,6858.03269664348,7005.82316962935,6719.03910330503,5660.84582580092,5561.19661296061
"2009","Aug",3842.52561909146,4180.09589085561,3447.4560693183,3984.27166772277,3966.27439165574,4114.32510140091,4554.2025850079,4063.14069586345,3225.40892637472,3655.18342088203
"2009","Dec",6673.09912017149,7111.97414863433,6364.16496830562,6502.07868398118,6791.92344924356,6192.5886749057,6886.52116288671,6712.1029477706,6148.18876869708,5870.42934940506
"2009","Feb",6666.09298907241,6857.62672901002,7094.00363272721,6578.68340559184,7040.52386687612,6943.3796131564,7226.56826982013,6984.00551269207,6569.24879204409,6121.07287652564
"2009","Jan",6918.0076038137,7339.43045483986,7083.11434343161,6642.48460410671,6923.42938349612,6774.52507588918,7035.15540388317,6864.75235608969,6566.04273684769,6135.71676074987
"2009","Jul",4389.0279008563,4756.81066451314,4043.54126174784,4835.74191398113,4536.86216157315,4725.40578579059,5029.09965429363,4741.31156977917,3680.00012040933,4130.01593550476
"2009","Jun",5076.13539958614,5459.22423263841,4998.49261045661,5639.21355979869,5360.47810530415,5469.22451752599,5756.03033893565,5510.24089850212,4355.15375825726,4661.76539418815
"2009","Mar",6680.53295174623,7335.43267497396,7155.27980534286,6254.73085859657,6537.13657211923,6868.30754788123,6988.55057065579,6747.39141155298,6299.51787869574,5991.92634638208
"2009","May",5827.12682957837,6277.6553874199,5903.97525808406,6387.49109897787,6120.72213975271,6205.80972168461,6445.35764342505,6290.34049639797,5056.91037294096,5083.3366182415
"2009","Nov",5330.84465124883,5965.75838302262,4358.22927545826,5722.63678094262,4711.48857092844,5189.69170252723,6372.1079778454,5667.18727489951,4307.44126890525,5213.04309118122
"2009","Oct",4238.80199667559,5342.28906648209,3388.5428967003,5099.30731682579,3711.1159989979,3932.3371985213,5859.24212659734,4448.81008593557,3362.29029873014,4560.48605422328
"2009","Sep",3806.9267930122,4712.32139389096,3218.99634993163,4112.40573750196,3564.87315283493,3659.73564875341,5130.19659794449,3917.60872817103,3162.92022910561,3888.78834592263
"2010","Apr",6616.79098150147,7060.30770234191,6754.10036872457,6565.80264646382,6671.55404937608,6814.1393829141,7113.26173196487,6792.88374988949,6113.7405059633,5861.30312145059
"2010","Aug",3884.45564657215,4230.63281658624,3513.40658700149,3895.72436793979,3939.51685341535,4078.29433414764,4616.17079453778,3992.57401806256,3331.48111929039,3682.63123021807
"2010","Dec",6629.22351540862,7070.79568057202,6012.4160960619,6544.26201483716,6505.31741545167,6019.62420061535,7020.60762567674,6562.31129546029,6065.38304648228,5770.01378346494
"2010","Feb",5534.59966474423,5702.44297909491,5472.10793862105,5596.93164764369,4954.23296230453,5772.38655642074,6578.99087026446,6737.31478550341,5322.60376677458,5974.05421333487
"2010","Jan",7225.57061543091,7116.62254467176,7126.56553685213,6356.11585025522,7210.24522372686,7027.13954943068,6896.77727757117,7043.8031156171,6458.10029221877,6050.78154066521
"2010","Jul",4497.92973705402,4843.00302984435,4168.16098024094,4709.12592278679,4609.36639464886,4667.63676501853,5231.29702791019,4637.28474064165,3924.76461115273,4170.42685966579
"2010","Jun",5172.39943710588,5569.45372663322,4950.47677565016,5485.4277906192,5356.34151433398,5354.71127570399,5862.80523874277,5315.345321015,4610.04818192352,4696.29593942858
"2010","Mar",7028.15440156315,7631.69816263129,6962.92636145567,6884.23169680764,6882.21934897536,7019.51391670202,7369.68124967359,6996.55018979869,6623.70656302395,6235.69605149191
"2010","May",5913.03862667657,6237.90275963791,5866.83771017992,6141.81690166045,6048.71236577791,6104.04273509695,6504.05983958901,6078.35467735028,5446.9314845977,5342.55490280685
"2010","Nov",4902.41945153504,5917.38083668942,3787.32431197196,5296.90993568192,4379.03129890475,4317.82928228586,6452.33753333993,5094.27509237831,3720.7333088321,4933.99120430995
"2010","Oct",3993.84751171484,4928.2842009568,3151.48916632484,4331.50733480505,3439.69458398805,3667.09069474145,5595.16670961046,4090.86894862363,3016.57221581488,4287.28122773813
"2010","Sep",3627.63279578291,4401.42213317807,3148.76883019641,3866.42958369301,3502.84972968555,3548.90969953433,4795.06884943378,3722.73731937537,3015.67553939156,3807.49682089673
"2011","Apr",6522.95508523871,7039.68656955027,6775.80056392055,6582.42336628809,6474.47062070312,6820.7636851337,7174.85587512152,6816.25446083165,5762.97158259557,5798.78733572923
"2011","Aug",3718.65922150543,4054.05199573269,3321.98849363419,3815.00981376028,3681.02166047182,3998.22454425524,4539.99253400291,3937.7458382294,3117.19963600441,3504.62966791982
"2011","Dec",6527.55565218145,6633.1770683816,5944.3109110632,6191.41866997744,6007.5842958403,6325.37880003619,6778.24450955369,6454.09478746113,5293.46906360749,5976.46506520655
"2011","Feb",7101.51725497579,7571.18723884848,7000.33946557359,6406.02066056974,6876.40484069818,6566.22804735522,7487.73400312039,6793.6026718483,6654.34873023174,6265.34194128099
"2011","Jan",6020.53483457412,6275.16878601127,6806.94977855102,6682.61014019162,6093.16286974017,6750.17506368582,6124.14030993066,6934.0943636946,5452.5054275834,5228.7581805449
"2011","Jul",4204.40103961329,4638.66979734086,3891.43891368482,4668.93313593027,4177.57840591609,4609.20797906371,5121.76602054087,4606.88974012226,3438.60202808838,3813.53130794006
"2011","Jun",4912.90194167109,5424.83989638563,4721.58621598652,5552.68235438879,4835.13622944199,5412.00841032169,5816.05609714202,5427.64292475765,4060.31787221286,4499.24148407336
"2011","Mar",6993.3315850456,7623.6485174224,6929.08404351557,6809.51308281248,7058.3978848158,6926.60297271864,7487.15141481143,7096.08550897874,6451.83580528464,6196.03517467049
"2011","May",5736.18699556613,6231.30770044865,5830.67436033371,6067.38613932535,5557.69596041805,6152.71851865832,6547.45902959515,6182.66261988063,4925.26756732679,5304.28423038737
"2011","Nov",5096.21813094789,5895.08794558172,4352.42936529802,5758.22461459904,4345.96858651193,5065.1188554695,6396.17310625115,6139.429552839,3505.99505729844,4621.37316027218
"2011","Oct",4253.89608896436,5217.83877019612,3544.9985646027,4867.98526996207,3609.68833476961,4016.67454192853,5799.57405162081,4835.93945939415,3176.83841090322,4274.02614138749
"2011","Sep",3745.33452346392,4597.4399811563,3230.79945608684,4107.22730873604,3449.68756598395,3701.22832524779,4925.20243409262,4070.68632248606,3002.61007279547,3758.68975058613
"2012","Apr",6571.07944720395,7129.00816029608,6844.24017589609,6684.60881298364,6660.1527638663,6903.74179583619,6986.46229049122,6750.79841096102,5647.98796456765,5485.446029833
"2012","Aug",3744.63794392106,4193.9859854238,3385.6011237899,4052.38989431871,3522.69094863075,4077.51680706299,4537.08687826351,4120.23228211541,2981.15448988471,3502.08493936709
"2012","Dec",5878.33143729621,6703.79281764211,5449.62738116399,5959.88494335481,5694.58721931035,5882.82047026151,6316.80216452044,6225.78773728545,5167.92091285784,5404.82706403217
"2012","Feb",7176.29066570959,7183.73742610404,7238.45595755589,6435.63058717603,7301.93253853892,6932.45361512194,7289.35449601856,6997.6258730809,6661.42644074218,6242.39204732362
"2012","Jan",6773.83705583731,7175.81363550133,6555.6512616785,6309.52150084219,6778.69119972267,6542.45609476349,7301.1463488293,6690.51988078603,6179.6082224261,5980.91985358353
"2012","Jul",4210.91941938121,4606.80780894374,3929.73819971955,4693.1994313465,4027.93820588037,4735.19979893773,4920.23741194573,4558.11941740979,3324.34211732504,3833.90850476409
"2012","Jun",4826.52443057516,5345.17284003649,4583.14757798176,5434.14528392211,4689.00597793336,5354.49175340821,5490.46727162502,5235.86470434045,3825.40740053612,4264.19882793433
"2012","Mar",6542.39582388524,6992.15864707572,7209.42439951602,5976.03605838927,6960.8765005092,6785.26920699493,7148.12022824898,6588.63000804587,6489.27149476821,6125.40991726082
"2012","May",5610.06783517992,6160.03830569464,5647.98568607804,6226.43755267668,5608.33838695778,6178.86139134615,6239.6405323601,6080.07865982105,4509.54252316192,4847.23856067732
"2012","Nov",5104.14516794956,6087.88386866713,4281.77853108007,5468.75732018977,4030.19338833664,5114.18751271346,6642.37098711743,5523.3255364108,3779.42097848383,4857.16948651426
"2012","Oct",4355.6599504399,5356.18953742607,3359.74107552051,5125.91703801924,3475.26019790897,4207.5807329728,6000.21286795444,4959.17603741456,3174.18134439937,4395.45274995214
"2012","Sep",3776.27320373508,4722.63741404654,3147.02428361018,4236.92547381473,3277.39953185492,3745.04506800772,5146.88022674416,4124.10384122664,2875.75396160672,3701.16444727936
"2013","Apr",6316.27054644355,6980.06600983338,6374.41218587601,6548.34107535854,6217.1211439938,6891.54194376537,6979.1144464679,6893.91191270271,5262.56900581287,5373.71420302088
"2013","Aug",3635.61598006584,4045.7047958225,3165.94705420939,3758.22546670799,3483.38591555493,4020.39320887657,4542.85551603453,3960.23986808693,2954.99427880504,3503.54016387182
"2013","Dec",5773.60487504114,6416.52677406693,4795.65537384038,6342.63561504434,5154.46610295259,5579.20981844186,6097.04948897185,6474.57478523061,4764.36180876105,5065.43758586419
"2013","Feb",7124.28247931764,7184.53100899801,7046.9276609068,6558.37690659507,7121.99808270973,6794.8179918205,7352.23679921845,6988.30612340187,6532.30236941673,6176.63966464352
"2013","Jan",6658.64479432121,7490.88416459531,6577.37979504027,6645.24553256342,7174.0863178719,6704.36348587064,6765.57733408942,6995.55131059664,6293.61156936823,5954.6204464843
"2013","Jul",4191.69165789243,4550.75777825698,3659.19390778825,4596.82548889459,4188.15895021032,4663.37394751808,4917.21604696547,4605.32975917619,3383.67374808986,3864.06281082727
"2013","Jun",4744.0054155737,5285.60352028709,4304.93267879463,5464.14684566104,4716.86055013198,5389.63881913401,5543.04115439042,5355.04301538542,3857.45656198192,4271.53281876774
"2013","Mar",7181.12043485274,7661.89967533768,7376.20206344723,6855.28227232348,7216.96932010634,7130.96607976055,7471.9886623651,6736.78163447663,6268.8782143994,6046.20474956848
"2013","May",5474.92564926645,6047.53663482695,5293.05230366521,6217.08800178741,5426.17045435612,6223.6552479164,6276.14636188231,6248.5906271701,4473.8464259937,4766.45464760387
"2013","Nov",4789.2428439262,5712.58235574328,3443.59397862025,5431.1228220314,4085.04813967618,4240.29449575333,6337.15778142107,5139.59264401705,3566.7057933878,4857.48976113464
"2013","Oct",3988.24031856939,4777.27120255776,3174.01019385529,4658.17572376662,3501.02568952684,3863.49334016296,5392.81529347375,4536.73722199469,2886.31300022836,3897.24315740033
"2013","Sep",3590.21369291721,4390.36026766599,2988.54229012179,4069.5592485943,3265.27162978852,3557.96217545196,4976.74084422674,4089.91475635523,2838.19769206264,3677.8797781893
"2014","Apr",6495.20467626467,7071.33541846969,6600.93249527966,6859.73046019624,6598.75281355035,6948.23294344966,7246.11060073298,6963.8564623072,5787.91572204615,5838.79246485668
"2014","Aug",3541.62634491497,4090.130249012,3220.34384571659,3960.50208611946,3382.93721697834,4196.8641934264,4533.8971143932,4155.77410418041,2934.10264744076,3535.79002265546
"2014","Dec",4874.59753917774,6195.00963947855,3963.07363433668,6019.84693285388,3832.15844432531,5406.99716077112,6394.04274681021,6488.22610880032,4228.93630051368,5469.90342680395
"2014","Feb",6359.93315903918,6322.63874099081,6701.86545781559,5955.90605301235,6487.77516763428,6669.26395208702,6784.21406268235,6720.21524558881,6318.19011171787,5900.61574290298
"2014","Jan",6644.07458349802,7316.3476086419,5931.15584910031,5743.26478918964,6416.60724785663,5468.12845163879,7302.42532656565,6292.38587220532,6433.3970942119,6321.1119924581
"2014","Jul",4069.24615470219,4651.66072010512,3711.67323047359,4863.14155883607,3924.69777502259,4861.58257567984,5180.77767351043,4722.07488174164,3396.2739107597,4042.09301026637
"2014","Jun",4718.93179491579,5378.2510714966,4505.16635222286,5557.73230646738,4690.97254861709,5593.67611955222,5857.74018148575,5409.56651220617,3841.26813497291,4574.85092610232
"2014","Mar",7100.59043001887,7575.31352158309,7302.89111561846,6533.26975800589,7151.72778465334,7150.80320184644,7389.42327241711,7088.39167150331,6475.01596000421,6183.29769520476
"2014","May",5551.98396176055,6210.31434498839,5572.76634411057,6197.59530133831,5552.78422582251,6391.04791503535,6599.29895203471,6229.18994641088,4681.62060781432,5285.52600737248
"2014","Nov",4144.18746030464,5273.3989227523,3318.87446063087,5291.98082700194,3477.19304459357,4587.25846880459,6448.63535581407,5582.05737773585,3191.50022925005,4887.94014811496
"2014","Oct",3808.17461877432,4930.02628850006,3048.54063284649,4633.25468357293,3255.3881308016,3907.44849882284,5645.02889639029,4697.13394051122,2899.8696247359,4150.77809062812
"2014","Sep",3519.90539654684,4567.72763603521,2979.59794944255,4046.91527001128,3210.33917004405,3658.9979604354,4925.79145779304,3973.64300123841,2797.32034198786,3787.23922092182
"2015","Apr",6813.59228246061,7115.14905104387,6927.14803291154,6464.19616770866,6633.93822711636,6838.69738049813,7186.62714760861,6660.67021508366,6088.0939615711,5704.31700909181
"2015","Aug",3704.22537340333,4182.75593971475,3289.14445592966,3918.2694059857,3680.81208944359,4101.55021815628,4464.57741937828,4080.36495563899,3035.92154569854,3490.84255864607
"2015","Dec",6069.28988257332,7251.13227051052,5378.77455445269,6478.56838774885,5109.99028575441,6140.12488484516,7067.10232888238,6631.63083888661,4806.615555221,5459.55391709646
"2015","Feb",7019.29895911214,6998.48841092227,6963.20828930454,6633.74853812843,7015.44525480219,6863.51213393008,7228.86255501155,6903.14068003945,6520.92141712184,5999.18401255148
"2015","Jan",6302.99291831089,6050.43041745221,5668.94923073157,5598.26142632963,6621.93549684608,5710.47378854079,6154.66977198348,5764.60610204371,6164.57921876473,5864.6610651023
"2015","Jul",4343.83921884513,4818.60106982883,3927.25952396014,4885.14889873527,4509.37413176431,4841.49065646396,5020.68449748945,4767.40499837878,3431.85878685246,3890.46868912246
"2015","Jun",5069.56850339113,5549.70515785691,4820.27040637334,5715.43310910375,5323.90276449154,5623.50855772912,5810.15209669521,5546.22169308224,4071.83928471955,4460.90116155465
"2015","Mar",7132.08464919008,7573.01905328098,7313.17783401793,6843.38725820153,7298.56162768717,7316.9218277272,7485.77902230837,7086.75114210612,6099.41472502611,5673.99403525842
"2015","May",5953.93495625133,6334.39911187745,5881.85332042401,6370.38124822606,6335.61922063487,6402.98335374592,6535.21880070135,6377.22653360871,4911.98145176156,5073.6139426417
"2015","Nov",4352.3569083501,5750.16434311898,3811.73405095678,5698.90656894276,3725.01874829691,4676.58368346481,6171.1818676017,5818.42996224949,3108.78609692452,4026.9948265269
"2015","Oct",3806.59960081915,5063.44561277062,3056.79378531153,4783.40454657472,3241.85636889514,3714.27618052659,5633.39174891616,4467.33439387349,2883.4587674256,3752.21109490334
"2015","Sep",3579.5247602626,4540.25306953414,3025.44840933998,4088.39885068728,3293.69385295798,3683.20736139719,5014.33110716621,4086.24619953742,2849.68010729861,3601.08264807121
"2016","Apr",6862.35421623103,7271.84830643384,6585.63730663469,6770.92969909887,6931.26910519529,7016.3000000897,7376.70136629896,6799.83226199585,6056.23370926369,5779.77173487152
"2016","Aug",3567.52396977675,4038.48947372259,3074.38139324361,3875.37532032684,3371.41204281364,4088.8813475454,4458.45131738585,4024.75244769462,2945.92550595046,3426.06424511472
"2016","Dec",6045.464266888,6922.14123598518,5561.85138995538,6577.66918074979,5214.52935988454,6179.28508718578,7112.96078523685,6653.95263012156,4780.02903218367,5387.95128432805
"2016","Feb",6362.10473877724,7096.78258410635,6967.90760108916,5784.66814314452,6902.34457120436,6582.52747708537,6127.08818381836,6498.73968607854,5787.91153909879,5483.72002832472
"2016","Jan",5726.35707650511,6120.44770715411,6200.83605429619,5273.3242682129,5969.75133913822,5697.44089308075,5727.49123187774,5504.78127932091,4909.12719101281,5549.79740404987
"2016","Jul",4105.5762469177,4558.12164743622,3537.94079964777,4628.54602051268,3903.27485046809,4732.5449328557,5028.53345921116,4651.13736465938,3286.39902992389,3856.17806067974
"2016","Jun",4873.01810374721,5367.72034505618,4245.3845238428,5404.52015157455,4612.48477705251,5485.38584471634,5831.62802805037,5385.14361605592,3929.48103317291,4468.75517280796
"2016","Mar",7219.47615670599,7709.42051204742,7248.15484301625,6765.48074971354,7109.22891516634,6807.53857076964,7389.48374525955,7121.83158729119,6559.8026480406,6151.74671135341
"2016","May",5791.37844062535,6181.04315249064,5274.54353806819,6212.991356365,5696.86667179221,6313.56286682882,6585.89995762824,6233.99760440384,4720.08546457535,5031.37162029185
"2016","Nov",4126.17646919852,5370.87595631167,3677.34644801954,5491.93022575188,3596.85978540017,4781.84863619163,5812.66040474851,5382.17200431066,2933.07540772783,3994.99797118806
"2016","Oct",3673.42558630211,4894.39821916508,2974.1933718013,4721.89619644265,3092.31726307636,3939.43554605186,5425.22606290582,4674.03355255729,2684.59880082512,3663.57715964356
"2016","Sep",3386.01665553669,4363.47696730397,2880.01230543455,4080.40850776158,3073.83398887122,3590.7927423256,4893.1818403716,3982.75494119936,2737.4621842721,3465.75201334334
"2017","Apr",6771.49390481635,7307.0917447295,6951.97325862955,6897.81669328536,6672.05542163898,6922.70658060298,7373.40574198649,7030.67148213218,6117.84134078296,5977.72151223514
"2017","Aug",3851.1776321174,4293.61280385904,3376.2898192568,3994.13628068696,3902.28057662638,4086.32766286742,4675.74806294466,4072.40499252668,3338.98196379769,3763.6640261242
"2017","Dec",6640.75963446214,6738.04426026664,6326.59081961316,6592.75686784799,6949.3675796278,6510.97222250722,6541.88693682254,6860.71980547574,5649.28529264036,5818.51318576593
"2017","Feb",6349.21977064046,6888.3081265142,6888.23538223297,6249.83283483431,6163.51740188631,6807.87203062348,5794.0010665441,6507.34694470708,6447.51468989485,5885.9591707658
"2017","Jan",6316.8376320991,6527.58434173094,6593.03981338173,6544.6820908776,5849.01037609626,6807.75245165943,6407.20880356785,6758.62858036709,4991.26464529223,5750.41317878221
"2017","Jul",4583.69713363875,4974.89934776172,4033.36358648477,4924.16396058325,4723.27301114094,4916.15457301434,5400.59189976873,4839.41365735916,3934.86917288613,4414.50074715363
"2017","Jun",5320.2808248633,5706.40447183134,4967.79041147491,5799.55887887527,5413.67144112484,5756.97007831869,6155.79754363575,5671.92816418868,4609.31192230362,5039.00857882327
"2017","Mar",7199.62412984668,7716.86119237572,7263.89575450384,6505.28574843236,7223.19736106093,6600.73814901029,7467.85337207129,6912.24260414777,6792.32355357478,6279.96397025535
"2017","May",6108.04729057389,6524.94155221659,5959.0414427267,6533.50969306929,6126.37396489511,6515.39914280328,6877.52424079113,6474.8926923909,5430.95936792157,5587.57667505314
"2017","Nov",4940.87491170378,5896.83300435622,4427.02877475803,5934.25881637966,5269.3040549245,4833.47543603293,6316.7904742192,5878.13409142367,3819.34679157459,4799.84734664031
"2017","Oct",4259.80546351942,5271.99117022263,3278.25761000101,5027.28850498276,3744.06997872089,3933.09645579566,5738.77965499494,4681.31644156178,3318.37183185278,4408.84550909386
"2017","Sep",3788.12833215167,4704.17318222638,3142.08899814025,4215.37846297839,3508.43646792062,3780.23769897585,4964.33206161077,4083.69407658352,3118.14322984519,3910.91486758993
"2018","Apr",6759.59993630141,7225.902094451,6952.85891788228,6810.45616937492,6904.12031219629,7013.39701098639,7315.96875748018,6857.3548446703,6341.63502334312,6127.62905459028
"2018","Aug",3833.0552346918,4222.9152591434,3298.69050392984,3971.18827074815,3747.36794428025,4217.02353526322,4686.05166496854,4194.91281881086,3359.9295122467,3869.94898651655
"2018","Dec",5663.09003353971,6638.09348464201,5812.88111927626,6384.55650137822,5150.72604406083,6406.73761129012,6759.81361750656,6794.85927418047,4441.50131064311,5324.7260137157
"2018","Feb",6317.42038786087,6941.69254401962,7028.10377380164,6631.18713573047,5951.66961114351,7045.65454533595,7069.36236451069,6926.14180477468,4944.57528315131,5697.09933904647
"2018","Jan",7121.56199939306,7584.7897309939,6858.73522001979,6098.44376234585,7207.49631317221,6983.85074834387,7564.0761578217,6162.54535995869,5818.8815461207,6218.06063933999
"2018","Jul",4528.41995589948,4850.59300100508,4071.80202382275,5066.89697318713,4527.04021958286,4936.32296220941,5348.27597582577,4944.12243415452,4001.79694384649,4479.08879787468
"2018","Jun",5216.82574749347,5575.7469439587,4919.7258659759,5745.40235919145,5261.49824373875,5654.59899744704,5992.43555187606,5677.1340777373,4611.90830778449,5026.01961804667
"2018","Mar",7233.04206149136,7546.96210303301,7348.70356822567,6550.0823873935,7157.43398228904,7141.77703490412,7506.30241460978,6675.8015457385,6791.38891244951,6405.46732695636
"2018","May",6055.05295211991,6523.4067903147,6073.70867760338,6614.10375077697,6160.42420949383,6477.59518663717,6819.79734565102,6509.67597940646,5500.80420140073,5616.19283771021
"2018","Nov",4285.44018524129,5735.58771855539,3511.57965876143,5686.23949951857,3796.5323265422,4588.44221189889,6340.03095918424,5710.03705055518,3236.14431251491,4594.62578337885
"2018","Oct",4260.9316295876,5454.54643293603,3318.90693643504,5035.38503407089,3644.32827534177,4268.67167841056,5866.25726699884,4936.5923509216,3234.71696896742,4281.55829043762
"2018","Sep",3798.08143552263,4784.62567258275,3078.73327103249,4416.19642570527,3398.01078345006,3832.15526462092,5234.06622961318,4309.57320324548,3098.91906443361,3944.44547759313
"2019","Apr",6425.53051090308,7256.36206369636,6527.38019569038,6755.2053710339,6055.30001369322,7082.24551603843,7279.11094323423,7051.63794698921,4980.45451687741,5606.13080121642
"2019","Aug",3489.77116018768,4104.5517914274,3239.65565403278,3963.44321528064,3241.92571022009,4179.01608135924,4429.11356956567,4136.83000253474,2789.56609359454,3366.44056437495
"2019","Dec",6109.80560471775,6912.68246415262,5773.50767882633,5926.81906980608,6032.79847555962,6070.97840739098,6974.61196099154,5918.92087411702,4613.70049882419,5573.27342690943
"2019","Feb",7358.70898539368,7820.09117251801,7291.42757758778,6619.53840655919,7131.80521199808,7197.79458933762,7243.61664258391,6903.22740284061,6385.69083010332,6249.19959837176
"2019","Jan",6669.63552650684,6841.95046349748,6453.30533754992,5819.15041111949,6625.98381078364,6849.13272026431,6477.2093442608,6867.104634267,5822.1410847164,5984.54632544777
"2019","Jul",3982.44534033916,4681.44606943162,3705.85660491987,4850.25580893945,3725.80637273681,4819.09288219586,5060.88653969138,4825.47946944375,3105.42258042861,3774.42858706931
"2019","Jun",4641.61069391323,5568.55709102204,4449.97888397691,5697.51579526381,4304.85767741018,5567.24805350676,5882.58743084182,5545.59863718439,3535.98590352832,4338.55045916543
"2019","Mar",6869.21479017917,7637.13791758627,7332.35805826768,7011.54086049333,6432.74370724629,7335.0000174334,7619.41890384706,7158.27389612115,5232.47938179839,5944.80718696654
"2019","May",5519.18648945598,6384.15066517889,5471.49338084573,6221.07075670409,5206.42486740536,6411.8592349662,6719.6132432205,6373.72134723153,4289.70650965858,5071.46401464768
"2019","Nov",4211.09221103467,5377.17106145954,3728.26488751026,5256.57620239534,3773.59320635699,4675.89423953304,5948.49369039298,5319.43209358829,3280.92636921359,4129.66025217945
"2019","Oct",3692.5681447463,4988.48029992213,3414.90685901736,5038.08894588863,3114.64677959352,4388.95772507775,5380.30170052647,5184.29200831285,2613.61927880749,3462.7386445125
"2019","Sep",3468.38055813664,4578.15716184126,3105.32662384744,4339.34828843215,3079.37408756257,3860.14040986108,4973.31154291104,4276.43455477607,2687.69485266913,3317.43028304623
"2020","Apr",6496.37384227758,7138.31946719888,6678.99985914628,6573.04547712702,6378.10938473221,7061.09978190865,7441.16033061312,6846.29516781436,5564.38353392913,6074.50679110079
"2020","Aug",3553.04603169524,4211.54578179142,3416.02811750644,4014.79244428572,3529.86674375837,4395.51518673706,4721.97908400415,4269.19130016361,2897.39086669298,3624.98001241064
"2020","Dec",5512.90314327013,5333.10455698607,5498.43980659842,5668.63040540289,5323.72553466087,6064.01008523416,6223.29689184084,6183.09016482227,4989.04958181831,5559.26141446309
"2020","Feb",6415.26621454417,7303.39044751626,6192.57649670772,6816.04502768612,6476.0695032242,6214.02184600071,6875.05912286688,6781.80731449329,6126.50750335451,6012.57428276006
"2020","Jan",5993.5026014707,5892.35400941024,6418.7676302635,4898.16203002593,6295.89364297821,6482.4445714594,6101.1735351026,5954.19329626079,5149.68309220431,5572.87539268375
"2020","Jul",4087.93220169532,4721.73577678945,4010.96554122611,4840.7618795357,4089.19592351708,5067.94919052655,5210.12794886446,4976.80038017397,3321.66353650867,4150.30023589018
"2020","Jun",4728.56140475978,5450.74133983447,4852.17555733528,5414.30994251404,4781.11081824307,5760.73052020167,5931.47963056124,5579.30900301264,3810.20101079933,4730.36544646052
"2020","Mar",7125.05334096045,7620.61474827707,7250.55613280211,6244.10043993671,7183.1410195669,7020.63471514849,7397.69333080181,6693.33816011398,6533.29248473208,6310.69930507825
"2020","May",5430.49616998689,6144.04441872834,5714.16405922833,6040.12502048743,5407.10164352723,6445.80189179918,6639.71243746893,6336.59399089507,4485.71380733823,5322.68023819169
"2020","Nov",5023.75658418035,6734.13028249751,3851.74040651875,6179.70321027582,4003.4367936219,5287.45265660469,6615.44895413094,6139.70533524134,3974.73348786345,4994.63731392587
"2020","Oct",4030.6195328104,5446.9553886891,3686.51573765145,5266.26366852081,3512.89246432071,4696.15973298845,6086.43967311867,5219.80025437958,3173.13829849799,4172.0902680133
"2020","Sep",3482.24464105817,4849.96033840076,3111.26904321444,4463.79588384607,3250.92586511079,3932.37043676689,5290.59560995158,4322.12397193091,2873.49930413013,3795.47829768624
